
C:/Dev/RPI-PICO/KeySquare/sw/blink/build/KeySquareBlink.elf:     file format elf32-littleriscv

Sections:
Idx Name          Size      VMA       LMA       File off  Algn
  0 .text         00002b88  10000000  10000000  00001000  2**2
                  CONTENTS, ALLOC, LOAD, READONLY, CODE
  1 .rodata       00000614  10002b88  10002b88  00003b88  2**3
                  CONTENTS, ALLOC, LOAD, READONLY, DATA
  2 .binary_info  0000001c  1000319c  1000319c  0000419c  2**2
                  CONTENTS, ALLOC, LOAD, READONLY, DATA
  3 .uninitialized_data 00000000  20000000  20000000  00007340  2**0
                  CONTENTS
  4 .data         00002174  20000000  100031b8  00005000  2**6
                  CONTENTS, ALLOC, LOAD, CODE
  5 .tdata        00000000  20002174  20002174  00007340  2**0
                  CONTENTS, ALLOC, LOAD, DATA, THREAD_LOCAL
  6 .tbss         00000000  20002174  20002174  00000000  2**0
                  ALLOC, THREAD_LOCAL
  7 .bss          00000214  20002178  1000532c  00008178  2**3
                  ALLOC
  8 .heap         00000800  2000238c  2000238c  00007340  2**2
                  CONTENTS, READONLY
  9 .scratch_x    00000000  20080000  20080000  00007b40  2**0
                  CONTENTS
 10 .scratch_y    00000000  20081000  20081000  00007b40  2**0
                  CONTENTS
 11 .stack_dummy  00000800  20081000  20081000  00007b40  2**5
                  CONTENTS, READONLY
 12 .flash_end    00000014  1000532c  1000532c  0000732c  2**2
                  CONTENTS, ALLOC, LOAD, READONLY, DATA
 13 .comment      00000021  00000000  00000000  00008340  2**0
                  CONTENTS, READONLY
 14 .riscv.attributes 00000093  00000000  00000000  00008361  2**0
                  CONTENTS, READONLY
 15 .debug_info   000199ff  00000000  00000000  000083f4  2**0
                  CONTENTS, READONLY, DEBUGGING, OCTETS
 16 .debug_abbrev 00005bb6  00000000  00000000  00021df3  2**0
                  CONTENTS, READONLY, DEBUGGING, OCTETS
 17 .debug_loclists 0000e6b7  00000000  00000000  000279a9  2**0
                  CONTENTS, READONLY, DEBUGGING, OCTETS
 18 .debug_aranges 00000ca8  00000000  00000000  00036060  2**3
                  CONTENTS, READONLY, DEBUGGING, OCTETS
 19 .debug_rnglists 00001167  00000000  00000000  00036d08  2**0
                  CONTENTS, READONLY, DEBUGGING, OCTETS
 20 .debug_line   0001784e  00000000  00000000  00037e6f  2**0
                  CONTENTS, READONLY, DEBUGGING, OCTETS
 21 .debug_str    000049af  00000000  00000000  0004f6bd  2**0
                  CONTENTS, READONLY, DEBUGGING, OCTETS
 22 .debug_line_str 00001dea  00000000  00000000  0005406c  2**0
                  CONTENTS, READONLY, DEBUGGING, OCTETS
 23 .debug_frame  00002400  00000000  00000000  00055e58  2**2
                  CONTENTS, READONLY, DEBUGGING, OCTETS

C:/Dev/RPI-PICO/KeySquare/sw/blink/build/KeySquareBlink.elf:     file format elf32-littleriscv


Disassembly of section .text:

10000000 <__flash_binary_start>:
10000000:	ebf2                	.insn	2, 0xebf2
10000002:	7188                	.insn	2, 0x7188
10000004:	319c                	.insn	2, 0x319c
10000006:	1000                	addi	s0,sp,32
10000008:	31b8                	.insn	2, 0x31b8
1000000a:	1000                	addi	s0,sp,32
1000000c:	00a8                	addi	a0,sp,72
1000000e:	1000                	addi	s0,sp,32
10000010:	a390                	.insn	2, 0xa390
10000012:	e71a                	.insn	2, 0xe71a

10000014 <__binary_info_header_end>:
10000014:	ffffded3          	.insn	4, 0xffffded3
10000018:	0142                	slli	sp,sp,0x10
1000001a:	1101                	addi	sp,sp,-32
1000001c:	0344                	addi	s1,sp,388
1000001e:	0000                	unimp
10000020:	0036                	c.slli	zero,0xd
10000022:	1000                	addi	s0,sp,32
10000024:	2000                	.insn	2, 0x2000
10000026:	2008                	.insn	2, 0x2008
10000028:	04ff 0000 5318 0000 	.insn	10, 0x357900005318000004ff
10000030:	3579 
10000032:	ab12                	.insn	2, 0xab12

10000034 <__embedded_block_end>:
10000034:	a879                	j	100000d2 <reenter_bootrom>

10000036 <_reset_handler>:
10000036:	10003197          	auipc	gp,0x10003
1000003a:	b4618193          	addi	gp,gp,-1210 # 20002b7c <__global_pointer$>
1000003e:	10082117          	auipc	sp,0x10082
10000042:	fc210113          	addi	sp,sp,-62 # 20082000 <__StackTop>
10000046:	10002517          	auipc	a0,0x10002
1000004a:	f7b50513          	addi	a0,a0,-133 # 20001fc1 <__VECTOR_TABLE+0x1>
1000004e:	30551073          	csrw	mtvec,a0
10000052:	f1402573          	csrr	a0,mhartid
10000056:	ed35                	bnez	a0,100000d2 <reenter_bootrom>
10000058:	00000717          	auipc	a4,0x0
1000005c:	05070713          	addi	a4,a4,80 # 100000a8 <data_cpy_table>
10000060:	430c                	lw	a1,0(a4)
10000062:	c591                	beqz	a1,1000006e <_reset_handler+0x38>
10000064:	4350                	lw	a2,4(a4)
10000066:	4714                	lw	a3,8(a4)
10000068:	0731                	addi	a4,a4,12
1000006a:	281d                	jal	100000a0 <data_cpy>
1000006c:	bfd5                	j	10000060 <_reset_handler+0x2a>
1000006e:	10002597          	auipc	a1,0x10002
10000072:	10658593          	addi	a1,a1,262 # 20002174 <__bss_start__>
10000076:	10002617          	auipc	a2,0x10002
1000007a:	31660613          	addi	a2,a2,790 # 2000238c <__bss_end__>
1000007e:	a021                	j	10000086 <bss_fill_test>

10000080 <bss_fill_loop>:
10000080:	0005a023          	sw	zero,0(a1)
10000084:	0591                	addi	a1,a1,4

10000086 <bss_fill_test>:
10000086:	fec59de3          	bne	a1,a2,10000080 <bss_fill_loop>

1000008a <platform_entry>:
1000008a:	750020ef          	jal	100027da <runtime_init>
1000008e:	2859                	jal	10000124 <main>
10000090:	712020ef          	jal	100027a2 <exit>
10000094:	9002                	ebreak
10000096:	bffd                	j	10000094 <platform_entry+0xa>

10000098 <data_cpy_loop>:
10000098:	4188                	lw	a0,0(a1)
1000009a:	c208                	sw	a0,0(a2)
1000009c:	0591                	addi	a1,a1,4
1000009e:	0611                	addi	a2,a2,4

100000a0 <data_cpy>:
100000a0:	fed66ce3          	bltu	a2,a3,10000098 <data_cpy_loop>
100000a4:	8082                	ret
100000a6:	0001                	nop

100000a8 <data_cpy_table>:
100000a8:	100031b8          	.word	0x100031b8
100000ac:	20000000          	.word	0x20000000
100000b0:	20002174          	.word	0x20002174
100000b4:	1000532c          	.word	0x1000532c
100000b8:	20080000          	.word	0x20080000
100000bc:	20080000          	.word	0x20080000
100000c0:	1000532c          	.word	0x1000532c
100000c4:	20081000          	.word	0x20081000
100000c8:	20081000          	.word	0x20081000
100000cc:	00000000          	.word	0x00000000
100000d0:	8082                	ret

100000d2 <reenter_bootrom>:
100000d2:	6521                	lui	a0,0x8
100000d4:	dfc50513          	addi	a0,a0,-516 # 7dfc <HeapSize+0x75fc>
100000d8:	8502                	jr	a0

100000da <__do_global_dtors_aux>:
100000da:	b852                	cm.push	{ra,s0},-16
100000dc:	20002437          	lui	s0,0x20002
100000e0:	2f844783          	lbu	a5,760(s0) # 200022f8 <completed.1>
100000e4:	ef99                	bnez	a5,10000102 <__do_global_dtors_aux+0x28>
100000e6:	00000793          	li	a5,0
100000ea:	cb89                	beqz	a5,100000fc <__do_global_dtors_aux+0x22>
100000ec:	10003537          	lui	a0,0x10003
100000f0:	b8850513          	addi	a0,a0,-1144 # 10002b88 <__EH_FRAME_BEGIN__>
100000f4:	00000097          	auipc	ra,0x0
100000f8:	000000e7          	jalr	zero # 0 <IRQN-0x34>
100000fc:	4785                	li	a5,1
100000fe:	2ef40c23          	sb	a5,760(s0)
10000102:	be52                	cm.popret	{ra,s0},16

10000104 <frame_dummy>:
10000104:	00000793          	li	a5,0
10000108:	cf89                	beqz	a5,10000122 <frame_dummy+0x1e>
1000010a:	200025b7          	lui	a1,0x20002
1000010e:	10003537          	lui	a0,0x10003
10000112:	2fc58593          	addi	a1,a1,764 # 200022fc <object.0>
10000116:	b8850513          	addi	a0,a0,-1144 # 10002b88 <__EH_FRAME_BEGIN__>
1000011a:	00000317          	auipc	t1,0x0
1000011e:	00000067          	jr	zero # 0 <IRQN-0x34>
10000122:	8082                	ret

10000124 <main>:
10000124:	1141                	addi	sp,sp,-16
10000126:	c606                	sw	ra,12(sp)
10000128:	c422                	sw	s0,8(sp)
1000012a:	c226                	sw	s1,4(sp)
1000012c:	4565                	li	a0,25
1000012e:	28a9                	jal	10000188 <gpio_init>
10000130:	d00007b7          	lui	a5,0xd0000
10000134:	02000737          	lui	a4,0x2000
10000138:	df98                	sw	a4,56(a5)
1000013a:	d0000437          	lui	s0,0xd0000
1000013e:	020004b7          	lui	s1,0x2000
10000142:	cc04                	sw	s1,24(s0)
10000144:	0fa00513          	li	a0,250
10000148:	357000ef          	jal	10000c9e <sleep_ms>
1000014c:	d004                	sw	s1,32(s0)
1000014e:	0fa00513          	li	a0,250
10000152:	34d000ef          	jal	10000c9e <sleep_ms>
10000156:	b7d5                	j	1000013a <main+0x16>

10000158 <gpio_set_function>:
10000158:	400387b7          	lui	a5,0x40038
1000015c:	0791                	addi	a5,a5,4 # 40038004 <__StackTop+0x1ffb6004>
1000015e:	20f547b3          	sh2add	a5,a0,a5
10000162:	4398                	lw	a4,0(a5)
10000164:	04074713          	xori	a4,a4,64
10000168:	0c077713          	andi	a4,a4,192
1000016c:	6685                	lui	a3,0x1
1000016e:	96be                	add	a3,a3,a5
10000170:	c298                	sw	a4,0(a3)
10000172:	40028737          	lui	a4,0x40028
10000176:	20e56533          	sh3add	a0,a0,a4
1000017a:	c14c                	sw	a1,4(a0)
1000017c:	670d                	lui	a4,0x3
1000017e:	97ba                	add	a5,a5,a4
10000180:	10000713          	li	a4,256
10000184:	c398                	sw	a4,0(a5)
10000186:	8082                	ret

10000188 <gpio_init>:
10000188:	1141                	addi	sp,sp,-16
1000018a:	c606                	sw	ra,12(sp)
1000018c:	28a017b3          	bset	a5,zero,a0
10000190:	d0000737          	lui	a4,0xd0000
10000194:	c33c                	sw	a5,64(a4)
10000196:	d31c                	sw	a5,32(a4)
10000198:	4595                	li	a1,5
1000019a:	3f7d                	jal	10000158 <gpio_set_function>
1000019c:	40b2                	lw	ra,12(sp)
1000019e:	0141                	addi	sp,sp,16
100001a0:	8082                	ret

100001a2 <panic>:
100001a2:	7139                	addi	sp,sp,-64
100001a4:	ce06                	sw	ra,28(sp)
100001a6:	cc22                	sw	s0,24(sp)
100001a8:	842a                	mv	s0,a0
100001aa:	d22e                	sw	a1,36(sp)
100001ac:	d432                	sw	a2,40(sp)
100001ae:	d636                	sw	a3,44(sp)
100001b0:	d83a                	sw	a4,48(sp)
100001b2:	da3e                	sw	a5,52(sp)
100001b4:	dc42                	sw	a6,56(sp)
100001b6:	de46                	sw	a7,60(sp)
100001b8:	10003537          	lui	a0,0x10003
100001bc:	b8850513          	addi	a0,a0,-1144 # 10002b88 <__EH_FRAME_BEGIN__>
100001c0:	0a1020ef          	jal	10002a60 <__wrap_puts>
100001c4:	cc01                	beqz	s0,100001dc <panic+0x3a>
100001c6:	104c                	addi	a1,sp,36
100001c8:	c62e                	sw	a1,12(sp)
100001ca:	8522                	mv	a0,s0
100001cc:	0bb020ef          	jal	10002a86 <__wrap_vprintf>
100001d0:	10003537          	lui	a0,0x10003
100001d4:	b9850513          	addi	a0,a0,-1128 # 10002b98 <__EH_FRAME_BEGIN__+0x10>
100001d8:	089020ef          	jal	10002a60 <__wrap_puts>
100001dc:	4505                	li	a0,1
100001de:	5c0020ef          	jal	1000279e <_exit>

100001e2 <hw_claim_lock>:
100001e2:	30047573          	csrrci	a0,mstatus,8
100001e6:	200027b7          	lui	a5,0x20002
100001ea:	31f78793          	addi	a5,a5,799 # 2000231f <_sw_spin_locks+0xb>
100001ee:	00379713          	slli	a4,a5,0x3
100001f2:	28e01733          	bset	a4,zero,a4
100001f6:	9bf1                	andi	a5,a5,-4
100001f8:	44e7a6af          	amoor.w.aq	a3,a4,(a5)
100001fc:	8ef9                	and	a3,a3,a4
100001fe:	feed                	bnez	a3,100001f8 <hw_claim_lock+0x16>
10000200:	0330000f          	fence	rw,rw
10000204:	8082                	ret

10000206 <hw_claim_unlock>:
10000206:	0330000f          	fence	rw,rw
1000020a:	200027b7          	lui	a5,0x20002
1000020e:	31478793          	addi	a5,a5,788 # 20002314 <_sw_spin_locks>
10000212:	000785a3          	sb	zero,11(a5)
10000216:	8921                	andi	a0,a0,8
10000218:	30052073          	csrs	mstatus,a0
1000021c:	8082                	ret

1000021e <hw_claim_or_assert>:
1000021e:	1141                	addi	sp,sp,-16
10000220:	c606                	sw	ra,12(sp)
10000222:	c422                	sw	s0,8(sp)
10000224:	c226                	sw	s1,4(sp)
10000226:	c04a                	sw	s2,0(sp)
10000228:	84aa                	mv	s1,a0
1000022a:	842e                	mv	s0,a1
1000022c:	8932                	mv	s2,a2
1000022e:	3f55                	jal	100001e2 <hw_claim_lock>
10000230:	00345793          	srli	a5,s0,0x3
10000234:	00f48733          	add	a4,s1,a5
10000238:	8314                	lbu	a3,0(a4)
1000023a:	00747793          	andi	a5,s0,7
1000023e:	28f017b3          	bset	a5,zero,a5
10000242:	00f6f633          	and	a2,a3,a5
10000246:	ea19                	bnez	a2,1000025c <hw_claim_or_assert+0x3e>
10000248:	9fe1                	zext.b	a5,a5
1000024a:	8fd5                	or	a5,a5,a3
1000024c:	8b1c                	sb	a5,0(a4)
1000024e:	3f65                	jal	10000206 <hw_claim_unlock>
10000250:	40b2                	lw	ra,12(sp)
10000252:	4422                	lw	s0,8(sp)
10000254:	4492                	lw	s1,4(sp)
10000256:	4902                	lw	s2,0(sp)
10000258:	0141                	addi	sp,sp,16
1000025a:	8082                	ret
1000025c:	85a2                	mv	a1,s0
1000025e:	854a                	mv	a0,s2
10000260:	3789                	jal	100001a2 <panic>

10000262 <next_striped_spin_lock_num>:
10000262:	20002737          	lui	a4,0x20002
10000266:	16874503          	lbu	a0,360(a4) # 20002168 <striped_spin_lock_num>
1000026a:	00150793          	addi	a5,a0,1
1000026e:	9fe1                	zext.b	a5,a5
10000270:	16f70423          	sb	a5,360(a4)
10000274:	475d                	li	a4,23
10000276:	00f77763          	bgeu	a4,a5,10000284 <next_striped_spin_lock_num+0x22>
1000027a:	200027b7          	lui	a5,0x20002
1000027e:	4741                	li	a4,16
10000280:	16e78423          	sb	a4,360(a5) # 20002168 <striped_spin_lock_num>
10000284:	8082                	ret

10000286 <spin_locks_reset>:
10000286:	4701                	li	a4,0
10000288:	a819                	j	1000029e <spin_locks_reset+0x18>
1000028a:	0330000f          	fence	rw,rw
1000028e:	200027b7          	lui	a5,0x20002
10000292:	31478793          	addi	a5,a5,788 # 20002314 <_sw_spin_locks>
10000296:	97ba                	add	a5,a5,a4
10000298:	00078023          	sb	zero,0(a5)
1000029c:	0705                	addi	a4,a4,1
1000029e:	47fd                	li	a5,31
100002a0:	fee7f5e3          	bgeu	a5,a4,1000028a <spin_locks_reset+0x4>
100002a4:	8082                	ret

100002a6 <irq_set_mask_n_enabled_internal>:
100002a6:	c215                	beqz	a2,100002ca <irq_set_mask_n_enabled_internal+0x24>
100002a8:	0506                	slli	a0,a0,0x1
100002aa:	01059793          	slli	a5,a1,0x10
100002ae:	8fc9                	or	a5,a5,a0
100002b0:	be27b073          	csrc	0xbe2,a5
100002b4:	0505                	addi	a0,a0,1
100002b6:	7741                	lui	a4,0xffff0
100002b8:	8df9                	and	a1,a1,a4
100002ba:	8d4d                	or	a0,a0,a1
100002bc:	be253073          	csrc	0xbe2,a0
100002c0:	be07a073          	csrs	0xbe0,a5
100002c4:	be052073          	csrs	0xbe0,a0
100002c8:	8082                	ret
100002ca:	0506                	slli	a0,a0,0x1
100002cc:	01059793          	slli	a5,a1,0x10
100002d0:	8fc9                	or	a5,a5,a0
100002d2:	be07b073          	csrc	0xbe0,a5
100002d6:	0505                	addi	a0,a0,1
100002d8:	77c1                	lui	a5,0xffff0
100002da:	8dfd                	and	a1,a1,a5
100002dc:	8d4d                	or	a0,a0,a1
100002de:	be053073          	csrc	0xbe0,a0
100002e2:	8082                	ret

100002e4 <set_raw_irq_handler_and_unlock>:
100002e4:	305027f3          	csrr	a5,mtvec
100002e8:	9bf1                	andi	a5,a5,-4
100002ea:	03450513          	addi	a0,a0,52
100002ee:	20f54533          	sh2add	a0,a0,a5
100002f2:	c10c                	sw	a1,0(a0)
100002f4:	0330000f          	fence	rw,rw
100002f8:	0330000f          	fence	rw,rw
100002fc:	200027b7          	lui	a5,0x20002
10000300:	31478793          	addi	a5,a5,788 # 20002314 <_sw_spin_locks>
10000304:	000784a3          	sb	zero,9(a5)
10000308:	8a21                	andi	a2,a2,8
1000030a:	30062073          	csrs	mstatus,a2
1000030e:	8082                	ret

10000310 <irq_set_mask_n_enabled>:
10000310:	1141                	addi	sp,sp,-16
10000312:	c606                	sw	ra,12(sp)
10000314:	3f49                	jal	100002a6 <irq_set_mask_n_enabled_internal>
10000316:	40b2                	lw	ra,12(sp)
10000318:	0141                	addi	sp,sp,16
1000031a:	8082                	ret

1000031c <irq_set_enabled>:
1000031c:	1141                	addi	sp,sp,-16
1000031e:	c606                	sw	ra,12(sp)
10000320:	862e                	mv	a2,a1
10000322:	28a015b3          	bset	a1,zero,a0
10000326:	8115                	srli	a0,a0,0x5
10000328:	37e5                	jal	10000310 <irq_set_mask_n_enabled>
1000032a:	40b2                	lw	ra,12(sp)
1000032c:	0141                	addi	sp,sp,16
1000032e:	8082                	ret

10000330 <irq_get_vtable_handler>:
10000330:	305027f3          	csrr	a5,mtvec
10000334:	9bf1                	andi	a5,a5,-4
10000336:	03450513          	addi	a0,a0,52
1000033a:	20f54533          	sh2add	a0,a0,a5
1000033e:	4108                	lw	a0,0(a0)
10000340:	8082                	ret

10000342 <irq_set_exclusive_handler>:
10000342:	1141                	addi	sp,sp,-16
10000344:	c606                	sw	ra,12(sp)
10000346:	c422                	sw	s0,8(sp)
10000348:	c226                	sw	s1,4(sp)
1000034a:	c04a                	sw	s2,0(sp)
1000034c:	84aa                	mv	s1,a0
1000034e:	842e                	mv	s0,a1
10000350:	30047773          	csrrci	a4,mstatus,8
10000354:	893a                	mv	s2,a4
10000356:	200027b7          	lui	a5,0x20002
1000035a:	31d78793          	addi	a5,a5,797 # 2000231d <_sw_spin_locks+0x9>
1000035e:	00379713          	slli	a4,a5,0x3
10000362:	28e01733          	bset	a4,zero,a4
10000366:	9bf1                	andi	a5,a5,-4
10000368:	44e7a6af          	amoor.w.aq	a3,a4,(a5)
1000036c:	8ef9                	and	a3,a3,a4
1000036e:	feed                	bnez	a3,10000368 <irq_set_exclusive_handler+0x26>
10000370:	0330000f          	fence	rw,rw
10000374:	3f75                	jal	10000330 <irq_get_vtable_handler>
10000376:	200027b7          	lui	a5,0x20002
1000037a:	16478793          	addi	a5,a5,356 # 20002164 <__unhandled_user_irq>
1000037e:	00f50463          	beq	a0,a5,10000386 <irq_set_exclusive_handler+0x44>
10000382:	00851c63          	bne	a0,s0,1000039a <irq_set_exclusive_handler+0x58>
10000386:	864a                	mv	a2,s2
10000388:	85a2                	mv	a1,s0
1000038a:	8526                	mv	a0,s1
1000038c:	3fa1                	jal	100002e4 <set_raw_irq_handler_and_unlock>
1000038e:	40b2                	lw	ra,12(sp)
10000390:	4422                	lw	s0,8(sp)
10000392:	4492                	lw	s1,4(sp)
10000394:	4902                	lw	s2,0(sp)
10000396:	0141                	addi	sp,sp,16
10000398:	8082                	ret
1000039a:	100036b7          	lui	a3,0x10003
1000039e:	c1468693          	addi	a3,a3,-1004 # 10002c14 <__EH_FRAME_BEGIN__+0x8c>
100003a2:	10003637          	lui	a2,0x10003
100003a6:	fc860613          	addi	a2,a2,-56 # 10002fc8 <__func__.4>
100003aa:	0ed00593          	li	a1,237
100003ae:	10003537          	lui	a0,0x10003
100003b2:	bcc50513          	addi	a0,a0,-1076 # 10002bcc <__EH_FRAME_BEGIN__+0x44>
100003b6:	3f2020ef          	jal	100027a8 <__assert_func>

100003ba <irq_set_priority>:
100003ba:	0045d793          	srli	a5,a1,0x4
100003be:	00f7c793          	xori	a5,a5,15
100003c2:	00255693          	srli	a3,a0,0x2
100003c6:	890d                	andi	a0,a0,3
100003c8:	050a                	slli	a0,a0,0x2
100003ca:	473d                	li	a4,15
100003cc:	00a71733          	sll	a4,a4,a0
100003d0:	0742                	slli	a4,a4,0x10
100003d2:	8f55                	or	a4,a4,a3
100003d4:	be373073          	csrc	0xbe3,a4
100003d8:	00a797b3          	sll	a5,a5,a0
100003dc:	07c2                	slli	a5,a5,0x10
100003de:	8edd                	or	a3,a3,a5
100003e0:	be36a073          	csrs	0xbe3,a3
100003e4:	8082                	ret

100003e6 <runtime_init_per_core_irq_priorities>:
100003e6:	1141                	addi	sp,sp,-16
100003e8:	c606                	sw	ra,12(sp)
100003ea:	c422                	sw	s0,8(sp)
100003ec:	4401                	li	s0,0
100003ee:	a031                	j	100003fa <runtime_init_per_core_irq_priorities+0x14>
100003f0:	08000593          	li	a1,128
100003f4:	8522                	mv	a0,s0
100003f6:	37d1                	jal	100003ba <irq_set_priority>
100003f8:	0405                	addi	s0,s0,1 # d0000001 <__StackTop+0xaff7e001>
100003fa:	03300793          	li	a5,51
100003fe:	fe87f9e3          	bgeu	a5,s0,100003f0 <runtime_init_per_core_irq_priorities+0xa>
10000402:	30046073          	csrsi	mstatus,8
10000406:	40b2                	lw	ra,12(sp)
10000408:	4422                	lw	s0,8(sp)
1000040a:	0141                	addi	sp,sp,16
1000040c:	8082                	ret

1000040e <lock_init>:
1000040e:	200027b7          	lui	a5,0x20002
10000412:	31478793          	addi	a5,a5,788 # 20002314 <_sw_spin_locks>
10000416:	97ae                	add	a5,a5,a1
10000418:	c11c                	sw	a5,0(a0)
1000041a:	8082                	ret

1000041c <mutex_init>:
1000041c:	1141                	addi	sp,sp,-16
1000041e:	c606                	sw	ra,12(sp)
10000420:	c422                	sw	s0,8(sp)
10000422:	842a                	mv	s0,a0
10000424:	3d3d                	jal	10000262 <next_striped_spin_lock_num>
10000426:	85aa                	mv	a1,a0
10000428:	8522                	mv	a0,s0
1000042a:	37d5                	jal	1000040e <lock_init>
1000042c:	57fd                	li	a5,-1
1000042e:	00f40223          	sb	a5,4(s0)
10000432:	0330000f          	fence	rw,rw
10000436:	40b2                	lw	ra,12(sp)
10000438:	4422                	lw	s0,8(sp)
1000043a:	0141                	addi	sp,sp,16
1000043c:	8082                	ret

1000043e <recursive_mutex_init>:
1000043e:	1141                	addi	sp,sp,-16
10000440:	c606                	sw	ra,12(sp)
10000442:	c422                	sw	s0,8(sp)
10000444:	842a                	mv	s0,a0
10000446:	3d31                	jal	10000262 <next_striped_spin_lock_num>
10000448:	85aa                	mv	a1,a0
1000044a:	8522                	mv	a0,s0
1000044c:	37c9                	jal	1000040e <lock_init>
1000044e:	57fd                	li	a5,-1
10000450:	00f40223          	sb	a5,4(s0)
10000454:	000402a3          	sb	zero,5(s0)
10000458:	0330000f          	fence	rw,rw
1000045c:	40b2                	lw	ra,12(sp)
1000045e:	4422                	lw	s0,8(sp)
10000460:	0141                	addi	sp,sp,16
10000462:	8082                	ret

10000464 <runtime_init_mutex>:
10000464:	1141                	addi	sp,sp,-16
10000466:	c606                	sw	ra,12(sp)
10000468:	c422                	sw	s0,8(sp)
1000046a:	20002437          	lui	s0,0x20002
1000046e:	16c40413          	addi	s0,s0,364 # 2000216c <print_mutex>
10000472:	a01d                	j	10000498 <runtime_init_mutex+0x34>
10000474:	100036b7          	lui	a3,0x10003
10000478:	c4c68693          	addi	a3,a3,-948 # 10002c4c <__EH_FRAME_BEGIN__+0xc4>
1000047c:	10003637          	lui	a2,0x10003
10000480:	00860613          	addi	a2,a2,8 # 10003008 <__func__.6>
10000484:	45e9                	li	a1,26
10000486:	10003537          	lui	a0,0x10003
1000048a:	c6c50513          	addi	a0,a0,-916 # 10002c6c <__EH_FRAME_BEGIN__+0xe4>
1000048e:	31a020ef          	jal	100027a8 <__assert_func>
10000492:	8522                	mv	a0,s0
10000494:	3761                	jal	1000041c <mutex_init>
10000496:	0421                	addi	s0,s0,8
10000498:	200027b7          	lui	a5,0x20002
1000049c:	17478793          	addi	a5,a5,372 # 20002174 <__bss_start__>
100004a0:	00f47b63          	bgeu	s0,a5,100004b6 <runtime_init_mutex+0x52>
100004a4:	401c                	lw	a5,0(s0)
100004a6:	d7f5                	beqz	a5,10000492 <runtime_init_mutex+0x2e>
100004a8:	4705                	li	a4,1
100004aa:	fce795e3          	bne	a5,a4,10000474 <runtime_init_mutex+0x10>
100004ae:	8522                	mv	a0,s0
100004b0:	3779                	jal	1000043e <recursive_mutex_init>
100004b2:	0421                	addi	s0,s0,8
100004b4:	b7d5                	j	10000498 <runtime_init_mutex+0x34>
100004b6:	40b2                	lw	ra,12(sp)
100004b8:	4422                	lw	s0,8(sp)
100004ba:	0141                	addi	sp,sp,16
100004bc:	8082                	ret

100004be <ta_from_current_irq>:
100004be:	872a                	mv	a4,a0
100004c0:	be5027f3          	csrr	a5,0xbe5
100004c4:	01079693          	slli	a3,a5,0x10
100004c8:	0206c163          	bltz	a3,100004ea <ta_from_current_irq+0x2c>
100004cc:	8391                	srli	a5,a5,0x4
100004ce:	1ff7f793          	andi	a5,a5,511
100004d2:	03478793          	addi	a5,a5,52
100004d6:	fcc78793          	addi	a5,a5,-52
100004da:	0027d693          	srli	a3,a5,0x2
100004de:	ca81                	beqz	a3,100004ee <ta_from_current_irq+0x30>
100004e0:	400b8537          	lui	a0,0x400b8
100004e4:	8b8d                	andi	a5,a5,3
100004e6:	c31c                	sw	a5,0(a4)
100004e8:	8082                	ret
100004ea:	4781                	li	a5,0
100004ec:	b7ed                	j	100004d6 <ta_from_current_irq+0x18>
100004ee:	400b0537          	lui	a0,0x400b0
100004f2:	bfcd                	j	100004e4 <ta_from_current_irq+0x26>

100004f4 <ta_set_timeout>:
100004f4:	5518                	lw	a4,40(a0)
100004f6:	40e606b3          	sub	a3,a2,a4
100004fa:	00458793          	addi	a5,a1,4
100004fe:	20a7c7b3          	sh2add	a5,a5,a0
10000502:	439c                	lw	a5,0(a5)
10000504:	8f99                	sub	a5,a5,a4
10000506:	00f6e763          	bltu	a3,a5,10000514 <ta_set_timeout+0x20>
1000050a:	511c                	lw	a5,32(a0)
1000050c:	28b01733          	bset	a4,zero,a1
10000510:	8ff9                	and	a5,a5,a4
10000512:	e789                	bnez	a5,1000051c <ta_set_timeout+0x28>
10000514:	0591                	addi	a1,a1,4
10000516:	20a5c533          	sh2add	a0,a1,a0
1000051a:	c110                	sw	a2,0(a0)
1000051c:	8082                	ret

1000051e <make_alarm_id>:
1000051e:	0542                	slli	a0,a0,0x10
10000520:	8d4d                	or	a0,a0,a1
10000522:	8082                	ret

10000524 <sleep_until_callback>:
10000524:	200026b7          	lui	a3,0x20002
10000528:	37c6a783          	lw	a5,892(a3) # 2000237c <sleep_notifier>
1000052c:	30047773          	csrrci	a4,mstatus,8
10000530:	00379613          	slli	a2,a5,0x3
10000534:	28c01633          	bset	a2,zero,a2
10000538:	9bf1                	andi	a5,a5,-4
1000053a:	44c7a5af          	amoor.w.aq	a1,a2,(a5)
1000053e:	8df1                	and	a1,a1,a2
10000540:	fded                	bnez	a1,1000053a <sleep_until_callback+0x16>
10000542:	0330000f          	fence	rw,rw
10000546:	37c6a783          	lw	a5,892(a3)
1000054a:	0330000f          	fence	rw,rw
1000054e:	00078023          	sb	zero,0(a5)
10000552:	00877793          	andi	a5,a4,8
10000556:	3007a073          	csrs	mstatus,a5
1000055a:	00102033          	sgtz	zero,ra
1000055e:	4501                	li	a0,0
10000560:	4581                	li	a1,0
10000562:	8082                	ret

10000564 <alarm_pool_irq_handler>:
10000564:	7139                	addi	sp,sp,-64
10000566:	de06                	sw	ra,60(sp)
10000568:	dc22                	sw	s0,56(sp)
1000056a:	da26                	sw	s1,52(sp)
1000056c:	d84a                	sw	s2,48(sp)
1000056e:	d64e                	sw	s3,44(sp)
10000570:	d452                	sw	s4,40(sp)
10000572:	d256                	sw	s5,36(sp)
10000574:	d05a                	sw	s6,32(sp)
10000576:	ce5e                	sw	s7,28(sp)
10000578:	0068                	addi	a0,sp,12
1000057a:	3791                	jal	100004be <ta_from_current_irq>
1000057c:	bff487b7          	lui	a5,0xbff48
10000580:	97aa                	add	a5,a5,a0
10000582:	0017b793          	seqz	a5,a5
10000586:	4732                	lw	a4,12(sp)
10000588:	200026b7          	lui	a3,0x20002
1000058c:	20e7c7b3          	sh2add	a5,a5,a4
10000590:	35c68693          	addi	a3,a3,860 # 2000235c <pools>
10000594:	20d7c7b3          	sh2add	a5,a5,a3
10000598:	4380                	lw	s0,0(a5)
1000059a:	801c                	lbu	a5,0(s0)
1000059c:	00f71b63          	bne	a4,a5,100005b2 <alarm_pool_irq_handler+0x4e>
100005a0:	84aa                	mv	s1,a0
100005a2:	04450793          	addi	a5,a0,68 # 400b0044 <__StackTop+0x2002e044>
100005a6:	28e01733          	bset	a4,zero,a4
100005aa:	668d                	lui	a3,0x3
100005ac:	97b6                	add	a5,a5,a3
100005ae:	c398                	sw	a4,0(a5)
100005b0:	ac95                	j	10000824 <alarm_pool_irq_handler+0x2c0>
100005b2:	100036b7          	lui	a3,0x10003
100005b6:	d0068693          	addi	a3,a3,-768 # 10002d00 <__EH_FRAME_BEGIN__+0x178>
100005ba:	10003637          	lui	a2,0x10003
100005be:	03460613          	addi	a2,a2,52 # 10003034 <__func__.2>
100005c2:	09200593          	li	a1,146
100005c6:	10003537          	lui	a0,0x10003
100005ca:	d2c50513          	addi	a0,a0,-724 # 10002d2c <__EH_FRAME_BEGIN__+0x1a4>
100005ce:	1da020ef          	jal	100027a8 <__assert_func>
100005d2:	485c                	lw	a5,20(s0)
100005d4:	212929b3          	sh1add	s3,s2,s2
100005d8:	20f9e9b3          	sh3add	s3,s3,a5
100005dc:	0089aa83          	lw	s5,8(s3)
100005e0:	00c9aa03          	lw	s4,12(s3)
100005e4:	8526                	mv	a0,s1
100005e6:	0a7000ef          	jal	10000e8c <timer_time_us_64>
100005ea:	41550733          	sub	a4,a0,s5
100005ee:	00e53733          	sltu	a4,a0,a4
100005f2:	414587b3          	sub	a5,a1,s4
100005f6:	8f99                	sub	a5,a5,a4
100005f8:	2207ce63          	bltz	a5,10000834 <alarm_pool_irq_handler+0x2d0>
100005fc:	0c0a4f63          	bltz	s4,100006da <alarm_pool_irq_handler+0x176>
10000600:	0109ab03          	lw	s6,16(s3)
10000604:	100007b7          	lui	a5,0x10000
10000608:	56478793          	addi	a5,a5,1380 # 10000564 <alarm_pool_irq_handler>
1000060c:	06fb0763          	beq	s6,a5,1000067a <alarm_pool_irq_handler+0x116>
10000610:	0029d583          	lhu	a1,2(s3)
10000614:	00841503          	lh	a0,8(s0)
10000618:	3719                	jal	1000051e <make_alarm_id>
1000061a:	0149a583          	lw	a1,20(s3)
1000061e:	9b02                	jalr	s6
10000620:	8b2a                	mv	s6,a0
10000622:	8bae                	mv	s7,a1
10000624:	017b67b3          	or	a5,s6,s7
10000628:	cbcd                	beqz	a5,100006da <alarm_pool_irq_handler+0x176>
1000062a:	060bd463          	bgez	s7,10000692 <alarm_pool_irq_handler+0x12e>
1000062e:	416a86b3          	sub	a3,s5,s6
10000632:	00dabab3          	sltu	s5,s5,a3
10000636:	417a07b3          	sub	a5,s4,s7
1000063a:	415787b3          	sub	a5,a5,s5
1000063e:	00d9a423          	sw	a3,8(s3)
10000642:	00f9a623          	sw	a5,12(s3)
10000646:	00099503          	lh	a0,0(s3)
1000064a:	1e054563          	bltz	a0,10000834 <alarm_pool_irq_handler+0x2d0>
1000064e:	01442883          	lw	a7,20(s0)
10000652:	20a52733          	sh1add	a4,a0,a0
10000656:	21176733          	sh3add	a4,a4,a7
1000065a:	4710                	lw	a2,8(a4)
1000065c:	4758                	lw	a4,12(a4)
1000065e:	40c68633          	sub	a2,a3,a2
10000662:	00c6b633          	sltu	a2,a3,a2
10000666:	40e78733          	sub	a4,a5,a4
1000066a:	8f11                	sub	a4,a4,a2
1000066c:	1c074463          	bltz	a4,10000834 <alarm_pool_irq_handler+0x2d0>
10000670:	00a41423          	sh	a0,8(s0)
10000674:	00840813          	addi	a6,s0,8
10000678:	a80d                	j	100006aa <alarm_pool_irq_handler+0x146>
1000067a:	0149ab83          	lw	s7,20(s3)
1000067e:	010ba783          	lw	a5,16(s7)
10000682:	855e                	mv	a0,s7
10000684:	9782                	jalr	a5
10000686:	c931                	beqz	a0,100006da <alarm_pool_irq_handler+0x176>
10000688:	000bab03          	lw	s6,0(s7)
1000068c:	004bab83          	lw	s7,4(s7)
10000690:	bf51                	j	10000624 <alarm_pool_irq_handler+0xc0>
10000692:	8526                	mv	a0,s1
10000694:	7f8000ef          	jal	10000e8c <timer_time_us_64>
10000698:	00ab06b3          	add	a3,s6,a0
1000069c:	00a6b7b3          	sltu	a5,a3,a0
100006a0:	9bae                	add	s7,s7,a1
100006a2:	97de                	add	a5,a5,s7
100006a4:	bf69                	j	1000063e <alarm_pool_irq_handler+0xda>
100006a6:	883a                	mv	a6,a4
100006a8:	8748                	lh	a0,0(a4)
100006aa:	02054363          	bltz	a0,100006d0 <alarm_pool_irq_handler+0x16c>
100006ae:	00081703          	lh	a4,0(a6)
100006b2:	20e72733          	sh1add	a4,a4,a4
100006b6:	21176733          	sh3add	a4,a4,a7
100006ba:	470c                	lw	a1,8(a4)
100006bc:	4750                	lw	a2,12(a4)
100006be:	40b685b3          	sub	a1,a3,a1
100006c2:	00b6b5b3          	sltu	a1,a3,a1
100006c6:	40c78633          	sub	a2,a5,a2
100006ca:	8e0d                	sub	a2,a2,a1
100006cc:	fc065de3          	bgez	a2,100006a6 <alarm_pool_irq_handler+0x142>
100006d0:	00a99023          	sh	a0,0(s3)
100006d4:	01281023          	sh	s2,0(a6)
100006d8:	aab1                	j	10000834 <alarm_pool_irq_handler+0x2d0>
100006da:	00099783          	lh	a5,0(s3)
100006de:	00f41423          	sh	a5,8(s0)
100006e2:	481c                	lw	a5,16(s0)
100006e4:	30047773          	csrrci	a4,mstatus,8
100006e8:	00379693          	slli	a3,a5,0x3
100006ec:	28d016b3          	bset	a3,zero,a3
100006f0:	9bf1                	andi	a5,a5,-4
100006f2:	44d7a62f          	amoor.w.aq	a2,a3,(a5)
100006f6:	8e75                	and	a2,a2,a3
100006f8:	fe6d                	bnez	a2,100006f2 <alarm_pool_irq_handler+0x18e>
100006fa:	0330000f          	fence	rw,rw
100006fe:	847c                	lh	a5,2(s0)
10000700:	00f99023          	sh	a5,0(s3)
10000704:	01241123          	sh	s2,2(s0)
10000708:	481c                	lw	a5,16(s0)
1000070a:	0330000f          	fence	rw,rw
1000070e:	00078023          	sb	zero,0(a5)
10000712:	00877793          	andi	a5,a4,8
10000716:	3007a073          	csrs	mstatus,a5
1000071a:	aa29                	j	10000834 <alarm_pool_irq_handler+0x2d0>
1000071c:	481c                	lw	a5,16(s0)
1000071e:	30047773          	csrrci	a4,mstatus,8
10000722:	00379693          	slli	a3,a5,0x3
10000726:	28d016b3          	bset	a3,zero,a3
1000072a:	9bf1                	andi	a5,a5,-4
1000072c:	44d7a62f          	amoor.w.aq	a2,a3,(a5)
10000730:	8e75                	and	a2,a2,a3
10000732:	fe6d                	bnez	a2,1000072c <alarm_pool_irq_handler+0x1c8>
10000734:	0330000f          	fence	rw,rw
10000738:	00445e03          	lhu	t3,4(s0)
1000073c:	605e1e13          	sext.h	t3,t3
10000740:	57fd                	li	a5,-1
10000742:	00f41223          	sh	a5,4(s0)
10000746:	481c                	lw	a5,16(s0)
10000748:	0330000f          	fence	rw,rw
1000074c:	00078023          	sb	zero,0(a5)
10000750:	00877793          	andi	a5,a4,8
10000754:	3007a073          	csrs	mstatus,a5
10000758:	a81d                	j	1000078e <alarm_pool_irq_handler+0x22a>
1000075a:	85be                	mv	a1,a5
1000075c:	87d0                	lh	a2,0(a5)
1000075e:	02064263          	bltz	a2,10000782 <alarm_pool_irq_handler+0x21e>
10000762:	85dc                	lh	a5,0(a1)
10000764:	20f7a7b3          	sh1add	a5,a5,a5
10000768:	2107e7b3          	sh3add	a5,a5,a6
1000076c:	4794                	lw	a3,8(a5)
1000076e:	47d8                	lw	a4,12(a5)
10000770:	40d506b3          	sub	a3,a0,a3
10000774:	00d536b3          	sltu	a3,a0,a3
10000778:	40e88733          	sub	a4,a7,a4
1000077c:	8f15                	sub	a4,a4,a3
1000077e:	fc075ee3          	bgez	a4,1000075a <alarm_pool_irq_handler+0x1f6>
10000782:	01c59023          	sh	t3,0(a1)
10000786:	00031e03          	lh	t3,0(t1) # 1000011a <frame_dummy+0x16>
1000078a:	00c31023          	sh	a2,0(t1)
1000078e:	0a0e4863          	bltz	t3,1000083e <alarm_pool_irq_handler+0x2da>
10000792:	01442803          	lw	a6,20(s0)
10000796:	21ce2333          	sh1add	t1,t3,t3
1000079a:	21036333          	sh3add	t1,t1,a6
1000079e:	00832503          	lw	a0,8(t1)
100007a2:	00c32883          	lw	a7,12(t1)
100007a6:	00840593          	addi	a1,s0,8
100007aa:	00841603          	lh	a2,8(s0)
100007ae:	bf45                	j	1000075e <alarm_pool_irq_handler+0x1fa>
100007b0:	00040323          	sb	zero,6(s0)
100007b4:	00840593          	addi	a1,s0,8
100007b8:	00841703          	lh	a4,8(s0)
100007bc:	a015                	j	100007e0 <alarm_pool_irq_handler+0x27c>
100007be:	587d                	li	a6,-1
100007c0:	58fd                	li	a7,-1
100007c2:	0107a423          	sw	a6,8(a5)
100007c6:	0117a623          	sw	a7,12(a5)
100007ca:	00841683          	lh	a3,8(s0)
100007ce:	00e68863          	beq	a3,a4,100007de <alarm_pool_irq_handler+0x27a>
100007d2:	8d90                	sh	a2,0(a1)
100007d4:	00841683          	lh	a3,8(s0)
100007d8:	8f94                	sh	a3,0(a5)
100007da:	00e41423          	sh	a4,8(s0)
100007de:	8732                	mv	a4,a2
100007e0:	57fd                	li	a5,-1
100007e2:	06f70163          	beq	a4,a5,10000844 <alarm_pool_irq_handler+0x2e0>
100007e6:	4854                	lw	a3,20(s0)
100007e8:	20e727b3          	sh1add	a5,a4,a4
100007ec:	20d7e7b3          	sh3add	a5,a5,a3
100007f0:	87d0                	lh	a2,0(a5)
100007f2:	87b4                	lhu	a3,2(a5)
100007f4:	9eed                	sext.h	a3,a3
100007f6:	fc06c4e3          	bltz	a3,100007be <alarm_pool_irq_handler+0x25a>
100007fa:	85be                	mv	a1,a5
100007fc:	b7cd                	j	100007de <alarm_pool_irq_handler+0x27a>
100007fe:	864e                	mv	a2,s3
10000800:	86ca                	mv	a3,s2
10000802:	45b2                	lw	a1,12(sp)
10000804:	8526                	mv	a0,s1
10000806:	31fd                	jal	100004f4 <ta_set_timeout>
10000808:	8526                	mv	a0,s1
1000080a:	2549                	jal	10000e8c <timer_time_us_64>
1000080c:	40a987b3          	sub	a5,s3,a0
10000810:	00f9b9b3          	sltu	s3,s3,a5
10000814:	40b90933          	sub	s2,s2,a1
10000818:	41390933          	sub	s2,s2,s3
1000081c:	05204863          	bgtz	s2,1000086c <alarm_pool_irq_handler+0x308>
10000820:	04090563          	beqz	s2,1000086a <alarm_pool_irq_handler+0x306>
10000824:	47b2                	lw	a5,12(sp)
10000826:	28f017b3          	bset	a5,zero,a5
1000082a:	dcdc                	sw	a5,60(s1)
1000082c:	00841903          	lh	s2,8(s0)
10000830:	da0951e3          	bgez	s2,100005d2 <alarm_pool_irq_handler+0x6e>
10000834:	00445783          	lhu	a5,4(s0)
10000838:	9fed                	sext.h	a5,a5
1000083a:	ee07d1e3          	bgez	a5,1000071c <alarm_pool_irq_handler+0x1b8>
1000083e:	00644783          	lbu	a5,6(s0)
10000842:	f7bd                	bnez	a5,100007b0 <alarm_pool_irq_handler+0x24c>
10000844:	00841783          	lh	a5,8(s0)
10000848:	0207c263          	bltz	a5,1000086c <alarm_pool_irq_handler+0x308>
1000084c:	4858                	lw	a4,20(s0)
1000084e:	20f7a7b3          	sh1add	a5,a5,a5
10000852:	20e7e7b3          	sh3add	a5,a5,a4
10000856:	0087a983          	lw	s3,8(a5)
1000085a:	00c7a903          	lw	s2,12(a5)
1000085e:	57fd                	li	a5,-1
10000860:	f8f99fe3          	bne	s3,a5,100007fe <alarm_pool_irq_handler+0x29a>
10000864:	fb3902e3          	beq	s2,s3,10000808 <alarm_pool_irq_handler+0x2a4>
10000868:	bf59                	j	100007fe <alarm_pool_irq_handler+0x29a>
1000086a:	dfcd                	beqz	a5,10000824 <alarm_pool_irq_handler+0x2c0>
1000086c:	00102033          	sgtz	zero,ra
10000870:	50f2                	lw	ra,60(sp)
10000872:	5462                	lw	s0,56(sp)
10000874:	54d2                	lw	s1,52(sp)
10000876:	5942                	lw	s2,48(sp)
10000878:	59b2                	lw	s3,44(sp)
1000087a:	5a22                	lw	s4,40(sp)
1000087c:	5a92                	lw	s5,36(sp)
1000087e:	5b02                	lw	s6,32(sp)
10000880:	4bf2                	lw	s7,28(sp)
10000882:	6121                	addi	sp,sp,64
10000884:	8082                	ret

10000886 <ta_enable_irq_handler>:
10000886:	1141                	addi	sp,sp,-16
10000888:	c606                	sw	ra,12(sp)
1000088a:	c422                	sw	s0,8(sp)
1000088c:	c226                	sw	s1,4(sp)
1000088e:	c04a                	sw	s2,0(sp)
10000890:	842a                	mv	s0,a0
10000892:	84ae                	mv	s1,a1
10000894:	85b2                	mv	a1,a2
10000896:	400b87b7          	lui	a5,0x400b8
1000089a:	02f50763          	beq	a0,a5,100008c8 <ta_enable_irq_handler+0x42>
1000089e:	4901                	li	s2,0
100008a0:	9926                	add	s2,s2,s1
100008a2:	289014b3          	bset	s1,zero,s1
100008a6:	d004                	sw	s1,32(s0)
100008a8:	854a                	mv	a0,s2
100008aa:	3c61                	jal	10000342 <irq_set_exclusive_handler>
100008ac:	4585                	li	a1,1
100008ae:	854a                	mv	a0,s2
100008b0:	34b5                	jal	1000031c <irq_set_enabled>
100008b2:	04040413          	addi	s0,s0,64
100008b6:	6789                	lui	a5,0x2
100008b8:	943e                	add	s0,s0,a5
100008ba:	c004                	sw	s1,0(s0)
100008bc:	40b2                	lw	ra,12(sp)
100008be:	4422                	lw	s0,8(sp)
100008c0:	4492                	lw	s1,4(sp)
100008c2:	4902                	lw	s2,0(sp)
100008c4:	0141                	addi	sp,sp,16
100008c6:	8082                	ret
100008c8:	4911                	li	s2,4
100008ca:	bfd9                	j	100008a0 <ta_enable_irq_handler+0x1a>

100008cc <alarm_pool_post_alloc_init>:
100008cc:	1101                	addi	sp,sp,-32
100008ce:	ce06                	sw	ra,28(sp)
100008d0:	cc22                	sw	s0,24(sp)
100008d2:	ca26                	sw	s1,20(sp)
100008d4:	c84a                	sw	s2,16(sp)
100008d6:	c64e                	sw	s3,12(sp)
100008d8:	842a                	mv	s0,a0
100008da:	892e                	mv	s2,a1
100008dc:	89b2                	mv	s3,a2
100008de:	84b6                	mv	s1,a3
100008e0:	c54c                	sw	a1,12(a0)
100008e2:	3241                	jal	10000262 <next_striped_spin_lock_num>
100008e4:	200027b7          	lui	a5,0x20002
100008e8:	31478793          	addi	a5,a5,788 # 20002314 <_sw_spin_locks>
100008ec:	97aa                	add	a5,a5,a0
100008ee:	c81c                	sw	a5,16(s0)
100008f0:	01340023          	sb	s3,0(s0)
100008f4:	0804c7b3          	zext.h	a5,s1
100008f8:	00f41523          	sh	a5,10(s0)
100008fc:	d0000737          	lui	a4,0xd0000
10000900:	8318                	lbu	a4,0(a4)
10000902:	8858                	sb	a4,1(s0)
10000904:	577d                	li	a4,-1
10000906:	00e41423          	sh	a4,8(s0)
1000090a:	00e41223          	sh	a4,4(s0)
1000090e:	97ba                	add	a5,a5,a4
10000910:	8c3c                	sh	a5,2(s0)
10000912:	4781                	li	a5,0
10000914:	a821                	j	1000092c <alarm_pool_post_alloc_init+0x60>
10000916:	fff78813          	addi	a6,a5,-1
1000091a:	01442883          	lw	a7,20(s0)
1000091e:	20f7a733          	sh1add	a4,a5,a5
10000922:	21176733          	sh3add	a4,a4,a7
10000926:	01071023          	sh	a6,0(a4) # d0000000 <__StackTop+0xaff7e000>
1000092a:	0785                	addi	a5,a5,1
1000092c:	fe97e5e3          	bltu	a5,s1,10000916 <alarm_pool_post_alloc_init+0x4a>
10000930:	bff487b7          	lui	a5,0xbff48
10000934:	97ca                	add	a5,a5,s2
10000936:	0017b793          	seqz	a5,a5
1000093a:	20002737          	lui	a4,0x20002
1000093e:	2137c7b3          	sh2add	a5,a5,s3
10000942:	35c70713          	addi	a4,a4,860 # 2000235c <pools>
10000946:	20e7c7b3          	sh2add	a5,a5,a4
1000094a:	c380                	sw	s0,0(a5)
1000094c:	10000637          	lui	a2,0x10000
10000950:	56460613          	addi	a2,a2,1380 # 10000564 <alarm_pool_irq_handler>
10000954:	85ce                	mv	a1,s3
10000956:	854a                	mv	a0,s2
10000958:	373d                	jal	10000886 <ta_enable_irq_handler>
1000095a:	40f2                	lw	ra,28(sp)
1000095c:	4462                	lw	s0,24(sp)
1000095e:	44d2                	lw	s1,20(sp)
10000960:	4942                	lw	s2,16(sp)
10000962:	49b2                	lw	s3,12(sp)
10000964:	6105                	addi	sp,sp,32
10000966:	8082                	ret

10000968 <alarm_pool_get_default>:
10000968:	200027b7          	lui	a5,0x20002
1000096c:	f9478793          	addi	a5,a5,-108 # 20001f94 <default_alarm_pool>
10000970:	4b9c                	lw	a5,16(a5)
10000972:	c791                	beqz	a5,1000097e <alarm_pool_get_default+0x16>
10000974:	20002537          	lui	a0,0x20002
10000978:	f9450513          	addi	a0,a0,-108 # 20001f94 <default_alarm_pool>
1000097c:	8082                	ret
1000097e:	1141                	addi	sp,sp,-16
10000980:	c606                	sw	ra,12(sp)
10000982:	100036b7          	lui	a3,0x10003
10000986:	d6c68693          	addi	a3,a3,-660 # 10002d6c <__EH_FRAME_BEGIN__+0x1e4>
1000098a:	10003637          	lui	a2,0x10003
1000098e:	01c60613          	addi	a2,a2,28 # 1000301c <__func__.1>
10000992:	06500593          	li	a1,101
10000996:	10003537          	lui	a0,0x10003
1000099a:	d2c50513          	addi	a0,a0,-724 # 10002d2c <__EH_FRAME_BEGIN__+0x1a4>
1000099e:	60b010ef          	jal	100027a8 <__assert_func>

100009a2 <alarm_pool_add_alarm_at_force_in_context>:
100009a2:	1141                	addi	sp,sp,-16
100009a4:	c606                	sw	ra,12(sp)
100009a6:	c422                	sw	s0,8(sp)
100009a8:	c226                	sw	s1,4(sp)
100009aa:	c04a                	sw	s2,0(sp)
100009ac:	842a                	mv	s0,a0
100009ae:	491c                	lw	a5,16(a0)
100009b0:	30047573          	csrrci	a0,mstatus,8
100009b4:	00379813          	slli	a6,a5,0x3
100009b8:	29001833          	bset	a6,zero,a6
100009bc:	9bf1                	andi	a5,a5,-4
100009be:	4507a8af          	amoor.w.aq	a7,a6,(a5)
100009c2:	0108f8b3          	and	a7,a7,a6
100009c6:	fe089ce3          	bnez	a7,100009be <alarm_pool_add_alarm_at_force_in_context+0x1c>
100009ca:	0330000f          	fence	rw,rw
100009ce:	00241903          	lh	s2,2(s0)
100009d2:	485c                	lw	a5,20(s0)
100009d4:	212924b3          	sh1add	s1,s2,s2
100009d8:	20f4e4b3          	sh3add	s1,s1,a5
100009dc:	00094463          	bltz	s2,100009e4 <alarm_pool_add_alarm_at_force_in_context+0x42>
100009e0:	84dc                	lh	a5,0(s1)
100009e2:	8c3c                	sh	a5,2(s0)
100009e4:	481c                	lw	a5,16(s0)
100009e6:	0330000f          	fence	rw,rw
100009ea:	00078023          	sb	zero,0(a5)
100009ee:	00857793          	andi	a5,a0,8
100009f2:	3007a073          	csrs	mstatus,a5
100009f6:	06094c63          	bltz	s2,10000a6e <alarm_pool_add_alarm_at_force_in_context+0xcc>
100009fa:	c894                	sw	a3,16(s1)
100009fc:	c8d8                	sw	a4,20(s1)
100009fe:	c48c                	sw	a1,8(s1)
10000a00:	c4d0                	sw	a2,12(s1)
10000a02:	84ac                	lhu	a1,2(s1)
10000a04:	0585                	addi	a1,a1,1
10000a06:	9de9                	zext.h	a1,a1
10000a08:	67a1                	lui	a5,0x8
10000a0a:	17fd                	addi	a5,a5,-1 # 7fff <HeapSize+0x77ff>
10000a0c:	8dfd                	and	a1,a1,a5
10000a0e:	e191                	bnez	a1,10000a12 <alarm_pool_add_alarm_at_force_in_context+0x70>
10000a10:	4585                	li	a1,1
10000a12:	8cac                	sh	a1,2(s1)
10000a14:	854a                	mv	a0,s2
10000a16:	3621                	jal	1000051e <make_alarm_id>
10000a18:	481c                	lw	a5,16(s0)
10000a1a:	30047773          	csrrci	a4,mstatus,8
10000a1e:	00379693          	slli	a3,a5,0x3
10000a22:	28d016b3          	bset	a3,zero,a3
10000a26:	9bf1                	andi	a5,a5,-4
10000a28:	44d7a62f          	amoor.w.aq	a2,a3,(a5)
10000a2c:	8e75                	and	a2,a2,a3
10000a2e:	fe6d                	bnez	a2,10000a28 <alarm_pool_add_alarm_at_force_in_context+0x86>
10000a30:	0330000f          	fence	rw,rw
10000a34:	00445783          	lhu	a5,4(s0)
10000a38:	8c9c                	sh	a5,0(s1)
10000a3a:	01241223          	sh	s2,4(s0)
10000a3e:	481c                	lw	a5,16(s0)
10000a40:	0330000f          	fence	rw,rw
10000a44:	00078023          	sb	zero,0(a5)
10000a48:	00877793          	andi	a5,a4,8
10000a4c:	3007a073          	csrs	mstatus,a5
10000a50:	445c                	lw	a5,12(s0)
10000a52:	8018                	lbu	a4,0(s0)
10000a54:	04478793          	addi	a5,a5,68
10000a58:	28e01733          	bset	a4,zero,a4
10000a5c:	6689                	lui	a3,0x2
10000a5e:	97b6                	add	a5,a5,a3
10000a60:	c398                	sw	a4,0(a5)
10000a62:	40b2                	lw	ra,12(sp)
10000a64:	4422                	lw	s0,8(sp)
10000a66:	4492                	lw	s1,4(sp)
10000a68:	4902                	lw	s2,0(sp)
10000a6a:	0141                	addi	sp,sp,16
10000a6c:	8082                	ret
10000a6e:	557d                	li	a0,-1
10000a70:	bfcd                	j	10000a62 <alarm_pool_add_alarm_at_force_in_context+0xc0>

10000a72 <alarm_pool_add_alarm_at>:
10000a72:	1101                	addi	sp,sp,-32
10000a74:	ce06                	sw	ra,28(sp)
10000a76:	cc22                	sw	s0,24(sp)
10000a78:	ca26                	sw	s1,20(sp)
10000a7a:	c84a                	sw	s2,16(sp)
10000a7c:	c64e                	sw	s3,12(sp)
10000a7e:	c452                	sw	s4,8(sp)
10000a80:	892a                	mv	s2,a0
10000a82:	842e                	mv	s0,a1
10000a84:	84b2                	mv	s1,a2
10000a86:	89b6                	mv	s3,a3
10000a88:	8a3a                	mv	s4,a4
10000a8a:	eb99                	bnez	a5,10000aa0 <alarm_pool_add_alarm_at+0x2e>
10000a8c:	212d                	jal	10000eb6 <time_us_64>
10000a8e:	40a40533          	sub	a0,s0,a0
10000a92:	00a43533          	sltu	a0,s0,a0
10000a96:	40b485b3          	sub	a1,s1,a1
10000a9a:	8d89                	sub	a1,a1,a0
10000a9c:	0205c063          	bltz	a1,10000abc <alarm_pool_add_alarm_at+0x4a>
10000aa0:	8752                	mv	a4,s4
10000aa2:	86ce                	mv	a3,s3
10000aa4:	85a2                	mv	a1,s0
10000aa6:	8626                	mv	a2,s1
10000aa8:	854a                	mv	a0,s2
10000aaa:	3de5                	jal	100009a2 <alarm_pool_add_alarm_at_force_in_context>
10000aac:	40f2                	lw	ra,28(sp)
10000aae:	4462                	lw	s0,24(sp)
10000ab0:	44d2                	lw	s1,20(sp)
10000ab2:	4942                	lw	s2,16(sp)
10000ab4:	49b2                	lw	s3,12(sp)
10000ab6:	4a22                	lw	s4,8(sp)
10000ab8:	6105                	addi	sp,sp,32
10000aba:	8082                	ret
10000abc:	4501                	li	a0,0
10000abe:	b7fd                	j	10000aac <alarm_pool_add_alarm_at+0x3a>

10000ac0 <add_alarm_at>:
10000ac0:	1101                	addi	sp,sp,-32
10000ac2:	ce06                	sw	ra,28(sp)
10000ac4:	cc22                	sw	s0,24(sp)
10000ac6:	ca26                	sw	s1,20(sp)
10000ac8:	c84a                	sw	s2,16(sp)
10000aca:	c64e                	sw	s3,12(sp)
10000acc:	c452                	sw	s4,8(sp)
10000ace:	8a2a                	mv	s4,a0
10000ad0:	89ae                	mv	s3,a1
10000ad2:	8932                	mv	s2,a2
10000ad4:	84b6                	mv	s1,a3
10000ad6:	843a                	mv	s0,a4
10000ad8:	3d41                	jal	10000968 <alarm_pool_get_default>
10000ada:	87a2                	mv	a5,s0
10000adc:	8726                	mv	a4,s1
10000ade:	86ca                	mv	a3,s2
10000ae0:	85d2                	mv	a1,s4
10000ae2:	864e                	mv	a2,s3
10000ae4:	3779                	jal	10000a72 <alarm_pool_add_alarm_at>
10000ae6:	40f2                	lw	ra,28(sp)
10000ae8:	4462                	lw	s0,24(sp)
10000aea:	44d2                	lw	s1,20(sp)
10000aec:	4942                	lw	s2,16(sp)
10000aee:	49b2                	lw	s3,12(sp)
10000af0:	4a22                	lw	s4,8(sp)
10000af2:	6105                	addi	sp,sp,32
10000af4:	8082                	ret

10000af6 <alarm_pool_cancel_alarm>:
10000af6:	87aa                	mv	a5,a0
10000af8:	4105d713          	srai	a4,a1,0x10
10000afc:	00a55683          	lhu	a3,10(a0)
10000b00:	06d75a63          	bge	a4,a3,10000b74 <alarm_pool_cancel_alarm+0x7e>
10000b04:	4954                	lw	a3,20(a0)
10000b06:	20e72733          	sh1add	a4,a4,a4
10000b0a:	20d76733          	sh3add	a4,a4,a3
10000b0e:	4914                	lw	a3,16(a0)
10000b10:	30047673          	csrrci	a2,mstatus,8
10000b14:	00369513          	slli	a0,a3,0x3
10000b18:	28a01533          	bset	a0,zero,a0
10000b1c:	9af1                	andi	a3,a3,-4
10000b1e:	44a6a82f          	amoor.w.aq	a6,a0,(a3)
10000b22:	00a87833          	and	a6,a6,a0
10000b26:	fe081ce3          	bnez	a6,10000b1e <alarm_pool_cancel_alarm+0x28>
10000b2a:	0330000f          	fence	rw,rw
10000b2e:	8734                	lhu	a3,2(a4)
10000b30:	0806c533          	zext.h	a0,a3
10000b34:	9de9                	zext.h	a1,a1
10000b36:	02b68763          	beq	a3,a1,10000b64 <alarm_pool_cancel_alarm+0x6e>
10000b3a:	4501                	li	a0,0
10000b3c:	4b98                	lw	a4,16(a5)
10000b3e:	0330000f          	fence	rw,rw
10000b42:	00070023          	sb	zero,0(a4)
10000b46:	00867713          	andi	a4,a2,8
10000b4a:	30072073          	csrs	mstatus,a4
10000b4e:	c505                	beqz	a0,10000b76 <alarm_pool_cancel_alarm+0x80>
10000b50:	47d8                	lw	a4,12(a5)
10000b52:	8394                	lbu	a3,0(a5)
10000b54:	04470793          	addi	a5,a4,68
10000b58:	28d01733          	bset	a4,zero,a3
10000b5c:	6689                	lui	a3,0x2
10000b5e:	97b6                	add	a5,a5,a3
10000b60:	c398                	sw	a4,0(a5)
10000b62:	8082                	ret
10000b64:	28f51513          	bseti	a0,a0,0xf
10000b68:	8f28                	sh	a0,2(a4)
10000b6a:	4705                	li	a4,1
10000b6c:	00e78323          	sb	a4,6(a5)
10000b70:	853a                	mv	a0,a4
10000b72:	b7e9                	j	10000b3c <alarm_pool_cancel_alarm+0x46>
10000b74:	4501                	li	a0,0
10000b76:	8082                	ret

10000b78 <cancel_alarm>:
10000b78:	1141                	addi	sp,sp,-16
10000b7a:	c606                	sw	ra,12(sp)
10000b7c:	c422                	sw	s0,8(sp)
10000b7e:	842a                	mv	s0,a0
10000b80:	33e5                	jal	10000968 <alarm_pool_get_default>
10000b82:	85a2                	mv	a1,s0
10000b84:	3f8d                	jal	10000af6 <alarm_pool_cancel_alarm>
10000b86:	40b2                	lw	ra,12(sp)
10000b88:	4422                	lw	s0,8(sp)
10000b8a:	0141                	addi	sp,sp,16
10000b8c:	8082                	ret

10000b8e <sleep_until>:
10000b8e:	1101                	addi	sp,sp,-32
10000b90:	ce06                	sw	ra,28(sp)
10000b92:	cc22                	sw	s0,24(sp)
10000b94:	ca26                	sw	s1,20(sp)
10000b96:	c84a                	sw	s2,16(sp)
10000b98:	c64e                	sw	s3,12(sp)
10000b9a:	be5027f3          	csrr	a5,0xbe5
10000b9e:	01079713          	slli	a4,a5,0x10
10000ba2:	04075863          	bgez	a4,10000bf2 <sleep_until+0x64>
10000ba6:	84aa                	mv	s1,a0
10000ba8:	842e                	mv	s0,a1
10000baa:	ffa50993          	addi	s3,a0,-6
10000bae:	00a9b933          	sltu	s2,s3,a0
10000bb2:	fff58793          	addi	a5,a1,-1
10000bb6:	993e                	add	s2,s2,a5
10000bb8:	0125e663          	bltu	a1,s2,10000bc4 <sleep_until+0x36>
10000bbc:	00b91663          	bne	s2,a1,10000bc8 <sleep_until+0x3a>
10000bc0:	01357463          	bgeu	a0,s3,10000bc8 <sleep_until+0x3a>
10000bc4:	4981                	li	s3,0
10000bc6:	4901                	li	s2,0
10000bc8:	24fd                	jal	10000eb6 <time_us_64>
10000bca:	40a98533          	sub	a0,s3,a0
10000bce:	00a9b7b3          	sltu	a5,s3,a0
10000bd2:	40b905b3          	sub	a1,s2,a1
10000bd6:	8d9d                	sub	a1,a1,a5
10000bd8:	02b04463          	bgtz	a1,10000c00 <sleep_until+0x72>
10000bdc:	c18d                	beqz	a1,10000bfe <sleep_until+0x70>
10000bde:	8526                	mv	a0,s1
10000be0:	85a2                	mv	a1,s0
10000be2:	24d5                	jal	10000ec6 <busy_wait_until>
10000be4:	40f2                	lw	ra,28(sp)
10000be6:	4462                	lw	s0,24(sp)
10000be8:	44d2                	lw	s1,20(sp)
10000bea:	4942                	lw	s2,16(sp)
10000bec:	49b2                	lw	s3,12(sp)
10000bee:	6105                	addi	sp,sp,32
10000bf0:	8082                	ret
10000bf2:	10003537          	lui	a0,0x10003
10000bf6:	d9050513          	addi	a0,a0,-624 # 10002d90 <__EH_FRAME_BEGIN__+0x208>
10000bfa:	da8ff0ef          	jal	100001a2 <panic>
10000bfe:	d165                	beqz	a0,10000bde <sleep_until+0x50>
10000c00:	4701                	li	a4,0
10000c02:	4681                	li	a3,0
10000c04:	10000637          	lui	a2,0x10000
10000c08:	52460613          	addi	a2,a2,1316 # 10000524 <sleep_until_callback>
10000c0c:	854e                	mv	a0,s3
10000c0e:	85ca                	mv	a1,s2
10000c10:	3d45                	jal	10000ac0 <add_alarm_at>
10000c12:	04055063          	bgez	a0,10000c52 <sleep_until+0xc4>
10000c16:	b7e1                	j	10000bde <sleep_until+0x50>
10000c18:	200026b7          	lui	a3,0x20002
10000c1c:	37c6a783          	lw	a5,892(a3) # 2000237c <sleep_notifier>
10000c20:	30047773          	csrrci	a4,mstatus,8
10000c24:	00379613          	slli	a2,a5,0x3
10000c28:	28c01633          	bset	a2,zero,a2
10000c2c:	9bf1                	andi	a5,a5,-4
10000c2e:	44c7a5af          	amoor.w.aq	a1,a2,(a5)
10000c32:	8df1                	and	a1,a1,a2
10000c34:	fded                	bnez	a1,10000c2e <sleep_until+0xa0>
10000c36:	0330000f          	fence	rw,rw
10000c3a:	37c6a783          	lw	a5,892(a3)
10000c3e:	0330000f          	fence	rw,rw
10000c42:	00078023          	sb	zero,0(a5)
10000c46:	00877793          	andi	a5,a4,8
10000c4a:	3007a073          	csrs	mstatus,a5
10000c4e:	00002033          	sltz	zero,zero
10000c52:	400b07b7          	lui	a5,0x400b0
10000c56:	53dc                	lw	a5,36(a5)
10000c58:	fd27e0e3          	bltu	a5,s2,10000c18 <sleep_until+0x8a>
10000c5c:	400b06b7          	lui	a3,0x400b0
10000c60:	5694                	lw	a3,40(a3)
10000c62:	f736fee3          	bgeu	a3,s3,10000bde <sleep_until+0x50>
10000c66:	f6f91ce3          	bne	s2,a5,10000bde <sleep_until+0x50>
10000c6a:	b77d                	j	10000c18 <sleep_until+0x8a>

10000c6c <sleep_us>:
10000c6c:	1141                	addi	sp,sp,-16
10000c6e:	c606                	sw	ra,12(sp)
10000c70:	c422                	sw	s0,8(sp)
10000c72:	c226                	sw	s1,4(sp)
10000c74:	842a                	mv	s0,a0
10000c76:	84ae                	mv	s1,a1
10000c78:	2c3d                	jal	10000eb6 <time_us_64>
10000c7a:	9522                	add	a0,a0,s0
10000c7c:	00853433          	sltu	s0,a0,s0
10000c80:	95a6                	add	a1,a1,s1
10000c82:	95a2                	add	a1,a1,s0
10000c84:	0005c863          	bltz	a1,10000c94 <sleep_us+0x28>
10000c88:	3719                	jal	10000b8e <sleep_until>
10000c8a:	40b2                	lw	ra,12(sp)
10000c8c:	4422                	lw	s0,8(sp)
10000c8e:	4492                	lw	s1,4(sp)
10000c90:	0141                	addi	sp,sp,16
10000c92:	8082                	ret
10000c94:	557d                	li	a0,-1
10000c96:	800005b7          	lui	a1,0x80000
10000c9a:	95aa                	add	a1,a1,a0
10000c9c:	b7f5                	j	10000c88 <sleep_us+0x1c>

10000c9e <sleep_ms>:
10000c9e:	1141                	addi	sp,sp,-16
10000ca0:	c606                	sw	ra,12(sp)
10000ca2:	3e800793          	li	a5,1000
10000ca6:	02f535b3          	mulhu	a1,a0,a5
10000caa:	9d5d                	mul	a0,a0,a5
10000cac:	37c1                	jal	10000c6c <sleep_us>
10000cae:	40b2                	lw	ra,12(sp)
10000cb0:	0141                	addi	sp,sp,16
10000cb2:	8082                	ret

10000cb4 <best_effort_wfe_or_timeout>:
10000cb4:	1101                	addi	sp,sp,-32
10000cb6:	ce06                	sw	ra,28(sp)
10000cb8:	cc22                	sw	s0,24(sp)
10000cba:	ca26                	sw	s1,20(sp)
10000cbc:	842a                	mv	s0,a0
10000cbe:	84ae                	mv	s1,a1
10000cc0:	be5027f3          	csrr	a5,0xbe5
10000cc4:	01079713          	slli	a4,a5,0x10
10000cc8:	0a075d63          	bgez	a4,10000d82 <best_effort_wfe_or_timeout+0xce>
10000ccc:	c84a                	sw	s2,16(sp)
10000cce:	c64e                	sw	s3,12(sp)
10000cd0:	3961                	jal	10000968 <alarm_pool_get_default>
10000cd2:	455c                	lw	a5,12(a0)
10000cd4:	873e                	mv	a4,a5
10000cd6:	811c                	lbu	a5,0(a0)
10000cd8:	89be                	mv	s3,a5
10000cda:	893a                	mv	s2,a4
10000cdc:	853a                	mv	a0,a4
10000cde:	227d                	jal	10000e8c <timer_time_us_64>
10000ce0:	40a407b3          	sub	a5,s0,a0
10000ce4:	00f436b3          	sltu	a3,s0,a5
10000ce8:	40b485b3          	sub	a1,s1,a1
10000cec:	873e                	mv	a4,a5
10000cee:	8d95                	sub	a1,a1,a3
10000cf0:	00498793          	addi	a5,s3,4
10000cf4:	2127c7b3          	sh2add	a5,a5,s2
10000cf8:	439c                	lw	a5,0(a5)
10000cfa:	8f89                	sub	a5,a5,a0
10000cfc:	4681                	li	a3,0
10000cfe:	02d5c863          	blt	a1,a3,10000d2e <best_effort_wfe_or_timeout+0x7a>
10000d02:	02b68463          	beq	a3,a1,10000d2a <best_effort_wfe_or_timeout+0x76>
10000d06:	00002033          	sltz	zero,zero
10000d0a:	400b07b7          	lui	a5,0x400b0
10000d0e:	53dc                	lw	a5,36(a5)
10000d10:	0a97e563          	bltu	a5,s1,10000dba <best_effort_wfe_or_timeout+0x106>
10000d14:	400b06b7          	lui	a3,0x400b0
10000d18:	5694                	lw	a3,40(a3)
10000d1a:	0a86f463          	bgeu	a3,s0,10000dc2 <best_effort_wfe_or_timeout+0x10e>
10000d1e:	08f48a63          	beq	s1,a5,10000db2 <best_effort_wfe_or_timeout+0xfe>
10000d22:	4505                	li	a0,1
10000d24:	4942                	lw	s2,16(sp)
10000d26:	49b2                	lw	s3,12(sp)
10000d28:	a8b5                	j	10000da4 <best_effort_wfe_or_timeout+0xf0>
10000d2a:	fcf77ee3          	bgeu	a4,a5,10000d06 <best_effort_wfe_or_timeout+0x52>
10000d2e:	4701                	li	a4,0
10000d30:	4681                	li	a3,0
10000d32:	10000637          	lui	a2,0x10000
10000d36:	52460613          	addi	a2,a2,1316 # 10000524 <sleep_until_callback>
10000d3a:	8522                	mv	a0,s0
10000d3c:	85a6                	mv	a1,s1
10000d3e:	3349                	jal	10000ac0 <add_alarm_at>
10000d40:	08a05563          	blez	a0,10000dca <best_effort_wfe_or_timeout+0x116>
10000d44:	400b07b7          	lui	a5,0x400b0
10000d48:	53dc                	lw	a5,36(a5)
10000d4a:	0097e963          	bltu	a5,s1,10000d5c <best_effort_wfe_or_timeout+0xa8>
10000d4e:	400b0737          	lui	a4,0x400b0
10000d52:	5718                	lw	a4,40(a4)
10000d54:	00877663          	bgeu	a4,s0,10000d60 <best_effort_wfe_or_timeout+0xac>
10000d58:	00f49463          	bne	s1,a5,10000d60 <best_effort_wfe_or_timeout+0xac>
10000d5c:	00002033          	sltz	zero,zero
10000d60:	3d21                	jal	10000b78 <cancel_alarm>
10000d62:	400b07b7          	lui	a5,0x400b0
10000d66:	53dc                	lw	a5,36(a5)
10000d68:	0a97e163          	bltu	a5,s1,10000e0a <best_effort_wfe_or_timeout+0x156>
10000d6c:	400b0737          	lui	a4,0x400b0
10000d70:	5718                	lw	a4,40(a4)
10000d72:	0a877063          	bgeu	a4,s0,10000e12 <best_effort_wfe_or_timeout+0x15e>
10000d76:	08f48663          	beq	s1,a5,10000e02 <best_effort_wfe_or_timeout+0x14e>
10000d7a:	4505                	li	a0,1
10000d7c:	4942                	lw	s2,16(sp)
10000d7e:	49b2                	lw	s3,12(sp)
10000d80:	a015                	j	10000da4 <best_effort_wfe_or_timeout+0xf0>
10000d82:	400b07b7          	lui	a5,0x400b0
10000d86:	53dc                	lw	a5,36(a5)
10000d88:	00b7ed63          	bltu	a5,a1,10000da2 <best_effort_wfe_or_timeout+0xee>
10000d8c:	400b06b7          	lui	a3,0x400b0
10000d90:	5694                	lw	a3,40(a3)
10000d92:	00a6fe63          	bgeu	a3,a0,10000dae <best_effort_wfe_or_timeout+0xfa>
10000d96:	00f58463          	beq	a1,a5,10000d9e <best_effort_wfe_or_timeout+0xea>
10000d9a:	4505                	li	a0,1
10000d9c:	a021                	j	10000da4 <best_effort_wfe_or_timeout+0xf0>
10000d9e:	4501                	li	a0,0
10000da0:	a011                	j	10000da4 <best_effort_wfe_or_timeout+0xf0>
10000da2:	4501                	li	a0,0
10000da4:	40f2                	lw	ra,28(sp)
10000da6:	4462                	lw	s0,24(sp)
10000da8:	44d2                	lw	s1,20(sp)
10000daa:	6105                	addi	sp,sp,32
10000dac:	8082                	ret
10000dae:	4505                	li	a0,1
10000db0:	bfd5                	j	10000da4 <best_effort_wfe_or_timeout+0xf0>
10000db2:	4501                	li	a0,0
10000db4:	4942                	lw	s2,16(sp)
10000db6:	49b2                	lw	s3,12(sp)
10000db8:	b7f5                	j	10000da4 <best_effort_wfe_or_timeout+0xf0>
10000dba:	4501                	li	a0,0
10000dbc:	4942                	lw	s2,16(sp)
10000dbe:	49b2                	lw	s3,12(sp)
10000dc0:	b7d5                	j	10000da4 <best_effort_wfe_or_timeout+0xf0>
10000dc2:	4505                	li	a0,1
10000dc4:	4942                	lw	s2,16(sp)
10000dc6:	49b2                	lw	s3,12(sp)
10000dc8:	bff1                	j	10000da4 <best_effort_wfe_or_timeout+0xf0>
10000dca:	400b07b7          	lui	a5,0x400b0
10000dce:	53dc                	lw	a5,36(a5)
10000dd0:	0297e163          	bltu	a5,s1,10000df2 <best_effort_wfe_or_timeout+0x13e>
10000dd4:	400b06b7          	lui	a3,0x400b0
10000dd8:	5694                	lw	a3,40(a3)
10000dda:	0286f063          	bgeu	a3,s0,10000dfa <best_effort_wfe_or_timeout+0x146>
10000dde:	00f48663          	beq	s1,a5,10000dea <best_effort_wfe_or_timeout+0x136>
10000de2:	4505                	li	a0,1
10000de4:	4942                	lw	s2,16(sp)
10000de6:	49b2                	lw	s3,12(sp)
10000de8:	bf75                	j	10000da4 <best_effort_wfe_or_timeout+0xf0>
10000dea:	4501                	li	a0,0
10000dec:	4942                	lw	s2,16(sp)
10000dee:	49b2                	lw	s3,12(sp)
10000df0:	bf55                	j	10000da4 <best_effort_wfe_or_timeout+0xf0>
10000df2:	4501                	li	a0,0
10000df4:	4942                	lw	s2,16(sp)
10000df6:	49b2                	lw	s3,12(sp)
10000df8:	b775                	j	10000da4 <best_effort_wfe_or_timeout+0xf0>
10000dfa:	4505                	li	a0,1
10000dfc:	4942                	lw	s2,16(sp)
10000dfe:	49b2                	lw	s3,12(sp)
10000e00:	b755                	j	10000da4 <best_effort_wfe_or_timeout+0xf0>
10000e02:	4501                	li	a0,0
10000e04:	4942                	lw	s2,16(sp)
10000e06:	49b2                	lw	s3,12(sp)
10000e08:	bf71                	j	10000da4 <best_effort_wfe_or_timeout+0xf0>
10000e0a:	4501                	li	a0,0
10000e0c:	4942                	lw	s2,16(sp)
10000e0e:	49b2                	lw	s3,12(sp)
10000e10:	bf51                	j	10000da4 <best_effort_wfe_or_timeout+0xf0>
10000e12:	4505                	li	a0,1
10000e14:	4942                	lw	s2,16(sp)
10000e16:	49b2                	lw	s3,12(sp)
10000e18:	b771                	j	10000da4 <best_effort_wfe_or_timeout+0xf0>

10000e1a <alarm_pool_get_default_timer>:
10000e1a:	400b0537          	lui	a0,0x400b0
10000e1e:	8082                	ret

10000e20 <runtime_init_default_alarm_pool>:
10000e20:	1141                	addi	sp,sp,-16
10000e22:	c606                	sw	ra,12(sp)
10000e24:	200027b7          	lui	a5,0x20002
10000e28:	f9478793          	addi	a5,a5,-108 # 20001f94 <default_alarm_pool>
10000e2c:	4b9c                	lw	a5,16(a5)
10000e2e:	cb99                	beqz	a5,10000e44 <runtime_init_default_alarm_pool+0x24>
10000e30:	45a9                	li	a1,10
10000e32:	20002537          	lui	a0,0x20002
10000e36:	37c50513          	addi	a0,a0,892 # 2000237c <sleep_notifier>
10000e3a:	dd4ff0ef          	jal	1000040e <lock_init>
10000e3e:	40b2                	lw	ra,12(sp)
10000e40:	0141                	addi	sp,sp,16
10000e42:	8082                	ret
10000e44:	c422                	sw	s0,8(sp)
10000e46:	3fd1                	jal	10000e1a <alarm_pool_get_default_timer>
10000e48:	842a                	mv	s0,a0
10000e4a:	458d                	li	a1,3
10000e4c:	2819                	jal	10000e62 <timer_hardware_alarm_claim>
10000e4e:	46c1                	li	a3,16
10000e50:	460d                	li	a2,3
10000e52:	85a2                	mv	a1,s0
10000e54:	20002537          	lui	a0,0x20002
10000e58:	f9450513          	addi	a0,a0,-108 # 20001f94 <default_alarm_pool>
10000e5c:	3c85                	jal	100008cc <alarm_pool_post_alloc_init>
10000e5e:	4422                	lw	s0,8(sp)
10000e60:	bfc1                	j	10000e30 <runtime_init_default_alarm_pool+0x10>

10000e62 <timer_hardware_alarm_claim>:
10000e62:	1141                	addi	sp,sp,-16
10000e64:	c606                	sw	ra,12(sp)
10000e66:	bff487b7          	lui	a5,0xbff48
10000e6a:	97aa                	add	a5,a5,a0
10000e6c:	0017b793          	seqz	a5,a5
10000e70:	10003637          	lui	a2,0x10003
10000e74:	de060613          	addi	a2,a2,-544 # 10002de0 <__EH_FRAME_BEGIN__+0x258>
10000e78:	20002537          	lui	a0,0x20002
10000e7c:	38050513          	addi	a0,a0,896 # 20002380 <claimed>
10000e80:	953e                	add	a0,a0,a5
10000e82:	b9cff0ef          	jal	1000021e <hw_claim_or_assert>
10000e86:	40b2                	lw	ra,12(sp)
10000e88:	0141                	addi	sp,sp,16
10000e8a:	8082                	ret

10000e8c <timer_time_us_64>:
10000e8c:	872a                	mv	a4,a0
10000e8e:	515c                	lw	a5,36(a0)
10000e90:	5708                	lw	a0,40(a4)
10000e92:	85be                	mv	a1,a5
10000e94:	535c                	lw	a5,36(a4)
10000e96:	fef59de3          	bne	a1,a5,10000e90 <timer_time_us_64+0x4>
10000e9a:	8082                	ret

10000e9c <timer_busy_wait_until>:
10000e9c:	515c                	lw	a5,36(a0)
10000e9e:	a011                	j	10000ea2 <timer_busy_wait_until+0x6>
10000ea0:	515c                	lw	a5,36(a0)
10000ea2:	fec7efe3          	bltu	a5,a2,10000ea0 <timer_busy_wait_until+0x4>
10000ea6:	a011                	j	10000eaa <timer_busy_wait_until+0xe>
10000ea8:	515c                	lw	a5,36(a0)
10000eaa:	00c79563          	bne	a5,a2,10000eb4 <timer_busy_wait_until+0x18>
10000eae:	551c                	lw	a5,40(a0)
10000eb0:	feb7ece3          	bltu	a5,a1,10000ea8 <timer_busy_wait_until+0xc>
10000eb4:	8082                	ret

10000eb6 <time_us_64>:
10000eb6:	1141                	addi	sp,sp,-16
10000eb8:	c606                	sw	ra,12(sp)
10000eba:	400b0537          	lui	a0,0x400b0
10000ebe:	37f9                	jal	10000e8c <timer_time_us_64>
10000ec0:	40b2                	lw	ra,12(sp)
10000ec2:	0141                	addi	sp,sp,16
10000ec4:	8082                	ret

10000ec6 <busy_wait_until>:
10000ec6:	1141                	addi	sp,sp,-16
10000ec8:	c606                	sw	ra,12(sp)
10000eca:	862e                	mv	a2,a1
10000ecc:	85aa                	mv	a1,a0
10000ece:	400b0537          	lui	a0,0x400b0
10000ed2:	37e9                	jal	10000e9c <timer_busy_wait_until>
10000ed4:	40b2                	lw	ra,12(sp)
10000ed6:	0141                	addi	sp,sp,16
10000ed8:	8082                	ret
	...

10000edc <clock_configure_internal>:
10000edc:	20a52833          	sh1add	a6,a0,a0
10000ee0:	400107b7          	lui	a5,0x40010
10000ee4:	20f84833          	sh2add	a6,a6,a5
10000ee8:	00482783          	lw	a5,4(a6)
10000eec:	00e7f463          	bgeu	a5,a4,10000ef4 <clock_configure_internal+0x18>
10000ef0:	00e82223          	sw	a4,4(a6)
10000ef4:	ffc50893          	addi	a7,a0,-4 # 400afffc <__StackTop+0x2002dffc>
10000ef8:	4785                	li	a5,1
10000efa:	0717fc63          	bgeu	a5,a7,10000f72 <clock_configure_internal+0x96>
10000efe:	678d                	lui	a5,0x3
10000f00:	97c2                	add	a5,a5,a6
10000f02:	28b01313          	bseti	t1,zero,0xb
10000f06:	0067a023          	sw	t1,0(a5) # 3000 <HeapSize+0x2800>
10000f0a:	200027b7          	lui	a5,0x20002
10000f0e:	33478793          	addi	a5,a5,820 # 20002334 <configured_freq>
10000f12:	20f547b3          	sh2add	a5,a0,a5
10000f16:	0007a303          	lw	t1,0(a5)
10000f1a:	02030163          	beqz	t1,10000f3c <clock_configure_internal+0x60>
10000f1e:	200027b7          	lui	a5,0x20002
10000f22:	33478793          	addi	a5,a5,820 # 20002334 <configured_freq>
10000f26:	4bdc                	lw	a5,20(a5)
10000f28:	0267d7b3          	divu	a5,a5,t1
10000f2c:	0785                	addi	a5,a5,1
10000f2e:	20f7a7b3          	sh1add	a5,a5,a5
10000f32:	0001                	nop
10000f34:	ffe78793          	addi	a5,a5,-2
10000f38:	fe07dee3          	bgez	a5,10000f34 <clock_configure_internal+0x58>
10000f3c:	0616                	slli	a2,a2,0x5
10000f3e:	00082783          	lw	a5,0(a6)
10000f42:	8e3d                	xor	a2,a2,a5
10000f44:	0e067613          	andi	a2,a2,224
10000f48:	6785                	lui	a5,0x1
10000f4a:	97c2                	add	a5,a5,a6
10000f4c:	c390                	sw	a2,0(a5)
10000f4e:	4605                	li	a2,1
10000f50:	03167d63          	bgeu	a2,a7,10000f8a <clock_configure_internal+0xae>
10000f54:	6789                	lui	a5,0x2
10000f56:	97c2                	add	a5,a5,a6
10000f58:	28b01613          	bseti	a2,zero,0xb
10000f5c:	c390                	sw	a2,0(a5)
10000f5e:	00e82223          	sw	a4,4(a6)
10000f62:	200027b7          	lui	a5,0x20002
10000f66:	33478793          	addi	a5,a5,820 # 20002334 <configured_freq>
10000f6a:	20f54533          	sh2add	a0,a0,a5
10000f6e:	c114                	sw	a3,0(a0)
10000f70:	8082                	ret
10000f72:	f8f596e3          	bne	a1,a5,10000efe <clock_configure_internal+0x22>
10000f76:	678d                	lui	a5,0x3
10000f78:	97c2                	add	a5,a5,a6
10000f7a:	430d                	li	t1,3
10000f7c:	0067a023          	sw	t1,0(a5) # 3000 <HeapSize+0x2800>
10000f80:	00882783          	lw	a5,8(a6)
10000f84:	8b85                	andi	a5,a5,1
10000f86:	dfed                	beqz	a5,10000f80 <clock_configure_internal+0xa4>
10000f88:	bf55                	j	10000f3c <clock_configure_internal+0x60>
10000f8a:	00082603          	lw	a2,0(a6)
10000f8e:	8e2d                	xor	a2,a2,a1
10000f90:	8a0d                	andi	a2,a2,3
10000f92:	c390                	sw	a2,0(a5)
10000f94:	00882783          	lw	a5,8(a6)
10000f98:	28b01633          	bset	a2,zero,a1
10000f9c:	8ff1                	and	a5,a5,a2
10000f9e:	dbfd                	beqz	a5,10000f94 <clock_configure_internal+0xb8>
10000fa0:	bf55                	j	10000f54 <clock_configure_internal+0x78>
10000fa2:	0001                	nop

10000fa4 <clock_configure_undivided>:
10000fa4:	1141                	addi	sp,sp,-16
10000fa6:	c606                	sw	ra,12(sp)
10000fa8:	6741                	lui	a4,0x10
10000faa:	3f0d                	jal	10000edc <clock_configure_internal>
10000fac:	40b2                	lw	ra,12(sp)
10000fae:	0141                	addi	sp,sp,16
10000fb0:	8082                	ret

10000fb2 <clock_get_hz>:
10000fb2:	200027b7          	lui	a5,0x20002
10000fb6:	33478793          	addi	a5,a5,820 # 20002334 <configured_freq>
10000fba:	20f54533          	sh2add	a0,a0,a5
10000fbe:	4108                	lw	a0,0(a0)
10000fc0:	8082                	ret

10000fc2 <pll_init>:
10000fc2:	1141                	addi	sp,sp,-16
10000fc4:	c606                	sw	ra,12(sp)
10000fc6:	00b727b7          	lui	a5,0xb72
10000fca:	b0078793          	addi	a5,a5,-1280 # b71b00 <HeapSize+0xb71300>
10000fce:	02b7d7b3          	divu	a5,a5,a1
10000fd2:	d34bf837          	lui	a6,0xd34bf
10000fd6:	88080813          	addi	a6,a6,-1920 # d34be880 <__StackTop+0xb343c880>
10000fda:	9832                	add	a6,a6,a2
10000fdc:	32aa08b7          	lui	a7,0x32aa0
10000fe0:	88088893          	addi	a7,a7,-1920 # 32a9f880 <__StackTop+0x12a1d880>
10000fe4:	0908e263          	bltu	a7,a6,10001068 <pll_init+0xa6>
10000fe8:	02f658b3          	divu	a7,a2,a5
10000fec:	ff088313          	addi	t1,a7,-16
10000ff0:	13000813          	li	a6,304
10000ff4:	08686963          	bltu	a6,t1,10001086 <pll_init+0xc4>
10000ff8:	fff68813          	addi	a6,a3,-1 # 400affff <__StackTop+0x2002dfff>
10000ffc:	4319                	li	t1,6
10000ffe:	0b036363          	bltu	t1,a6,100010a4 <pll_init+0xe2>
10001002:	fff70813          	addi	a6,a4,-1 # ffff <HeapSize+0xf7ff>
10001006:	09036f63          	bltu	t1,a6,100010a4 <pll_init+0xe2>
1000100a:	8211                	srli	a2,a2,0x4
1000100c:	0af66b63          	bltu	a2,a5,100010c2 <pll_init+0x100>
10001010:	06c2                	slli	a3,a3,0x10
10001012:	0732                	slli	a4,a4,0xc
10001014:	8ed9                	or	a3,a3,a4
10001016:	411c                	lw	a5,0(a0)
10001018:	0c07c563          	bltz	a5,100010e2 <pll_init+0x120>
1000101c:	400587b7          	lui	a5,0x40058
10001020:	0ef50363          	beq	a0,a5,10001106 <pll_init+0x144>
10001024:	4739                	li	a4,14
10001026:	28e01733          	bset	a4,zero,a4
1000102a:	400227b7          	lui	a5,0x40022
1000102e:	c398                	sw	a4,0(a5)
10001030:	400237b7          	lui	a5,0x40023
10001034:	c398                	sw	a4,0(a5)
10001036:	400207b7          	lui	a5,0x40020
1000103a:	479c                	lw	a5,8(a5)
1000103c:	40f777b3          	andn	a5,a4,a5
10001040:	fbfd                	bnez	a5,10001036 <pll_init+0x74>
10001042:	c10c                	sw	a1,0(a0)
10001044:	01152423          	sw	a7,8(a0)
10001048:	00450713          	addi	a4,a0,4
1000104c:	678d                	lui	a5,0x3
1000104e:	973e                	add	a4,a4,a5
10001050:	02100793          	li	a5,33
10001054:	c31c                	sw	a5,0(a4)
10001056:	411c                	lw	a5,0(a0)
10001058:	fe07dfe3          	bgez	a5,10001056 <pll_init+0x94>
1000105c:	c554                	sw	a3,12(a0)
1000105e:	47a1                	li	a5,8
10001060:	c31c                	sw	a5,0(a4)
10001062:	40b2                	lw	ra,12(sp)
10001064:	0141                	addi	sp,sp,16
10001066:	8082                	ret
10001068:	100036b7          	lui	a3,0x10003
1000106c:	e0468693          	addi	a3,a3,-508 # 10002e04 <__EH_FRAME_BEGIN__+0x27c>
10001070:	10003637          	lui	a2,0x10003
10001074:	04c60613          	addi	a2,a2,76 # 1000304c <__func__.0>
10001078:	45c5                	li	a1,17
1000107a:	10003537          	lui	a0,0x10003
1000107e:	e5450513          	addi	a0,a0,-428 # 10002e54 <__EH_FRAME_BEGIN__+0x2cc>
10001082:	726010ef          	jal	100027a8 <__assert_func>
10001086:	100036b7          	lui	a3,0x10003
1000108a:	e9c68693          	addi	a3,a3,-356 # 10002e9c <__EH_FRAME_BEGIN__+0x314>
1000108e:	10003637          	lui	a2,0x10003
10001092:	04c60613          	addi	a2,a2,76 # 1000304c <__func__.0>
10001096:	45e5                	li	a1,25
10001098:	10003537          	lui	a0,0x10003
1000109c:	e5450513          	addi	a0,a0,-428 # 10002e54 <__EH_FRAME_BEGIN__+0x2cc>
100010a0:	708010ef          	jal	100027a8 <__assert_func>
100010a4:	100036b7          	lui	a3,0x10003
100010a8:	eb868693          	addi	a3,a3,-328 # 10002eb8 <__EH_FRAME_BEGIN__+0x330>
100010ac:	10003637          	lui	a2,0x10003
100010b0:	04c60613          	addi	a2,a2,76 # 1000304c <__func__.0>
100010b4:	45f1                	li	a1,28
100010b6:	10003537          	lui	a0,0x10003
100010ba:	e5450513          	addi	a0,a0,-428 # 10002e54 <__EH_FRAME_BEGIN__+0x2cc>
100010be:	6ea010ef          	jal	100027a8 <__assert_func>
100010c2:	100036b7          	lui	a3,0x10003
100010c6:	f0468693          	addi	a3,a3,-252 # 10002f04 <__EH_FRAME_BEGIN__+0x37c>
100010ca:	10003637          	lui	a2,0x10003
100010ce:	04c60613          	addi	a2,a2,76 # 1000304c <__func__.0>
100010d2:	02300593          	li	a1,35
100010d6:	10003537          	lui	a0,0x10003
100010da:	e5450513          	addi	a0,a0,-428 # 10002e54 <__EH_FRAME_BEGIN__+0x2cc>
100010de:	6ca010ef          	jal	100027a8 <__assert_func>
100010e2:	411c                	lw	a5,0(a0)
100010e4:	03f7f793          	andi	a5,a5,63
100010e8:	f2b79ae3          	bne	a5,a1,1000101c <pll_init+0x5a>
100010ec:	451c                	lw	a5,8(a0)
100010ee:	6705                	lui	a4,0x1
100010f0:	177d                	addi	a4,a4,-1 # fff <HeapSize+0x7ff>
100010f2:	8ff9                	and	a5,a5,a4
100010f4:	f31794e3          	bne	a5,a7,1000101c <pll_init+0x5a>
100010f8:	455c                	lw	a5,12(a0)
100010fa:	00077737          	lui	a4,0x77
100010fe:	8ff9                	and	a5,a5,a4
10001100:	f0d79ee3          	bne	a5,a3,1000101c <pll_init+0x5a>
10001104:	bfb9                	j	10001062 <pll_init+0xa0>
10001106:	473d                	li	a4,15
10001108:	bf39                	j	10001026 <pll_init+0x64>

1000110a <tick_start>:
1000110a:	40108737          	lui	a4,0x40108
1000110e:	20a527b3          	sh1add	a5,a0,a0
10001112:	20e7c7b3          	sh2add	a5,a5,a4
10001116:	c3cc                	sw	a1,4(a5)
10001118:	853e                	mv	a0,a5
1000111a:	4785                	li	a5,1
1000111c:	c11c                	sw	a5,0(a0)
1000111e:	8082                	ret

10001120 <rom_func_lookup>:
10001120:	1141                	addi	sp,sp,-16
10001122:	c606                	sw	ra,12(sp)
10001124:	67a1                	lui	a5,0x8
10001126:	dfa7d783          	lhu	a5,-518(a5) # 7dfa <HeapSize+0x75fa>
1000112a:	4585                	li	a1,1
1000112c:	9782                	jalr	a5
1000112e:	40b2                	lw	ra,12(sp)
10001130:	0141                	addi	sp,sp,16
10001132:	8082                	ret

10001134 <runtime_init_bootrom_locking_enable>:
10001134:	400e17b7          	lui	a5,0x400e1
10001138:	8287a783          	lw	a5,-2008(a5) # 400e0828 <__StackTop+0x2005e828>
1000113c:	dfe5                	beqz	a5,10001134 <runtime_init_bootrom_locking_enable>
1000113e:	0330000f          	fence	rw,rw
10001142:	8082                	ret

10001144 <boot_locks_reset>:
10001144:	4701                	li	a4,0
10001146:	a821                	j	1000115e <boot_locks_reset+0x1a>
10001148:	100387b7          	lui	a5,0x10038
1000114c:	20378793          	addi	a5,a5,515 # 10038203 <__flash_binary_end+0x32ec3>
10001150:	97ba                	add	a5,a5,a4
10001152:	078a                	slli	a5,a5,0x2
10001154:	0330000f          	fence	rw,rw
10001158:	0007a023          	sw	zero,0(a5)
1000115c:	0705                	addi	a4,a4,1 # 40108001 <__StackTop+0x20086001>
1000115e:	479d                	li	a5,7
10001160:	fee7f4e3          	bgeu	a5,a4,10001148 <boot_locks_reset+0x4>
10001164:	8082                	ret

10001166 <runtime_init_boot_locks_reset>:
10001166:	1141                	addi	sp,sp,-16
10001168:	c606                	sw	ra,12(sp)
1000116a:	3fe9                	jal	10001144 <boot_locks_reset>
1000116c:	40b2                	lw	ra,12(sp)
1000116e:	0141                	addi	sp,sp,16
10001170:	8082                	ret

10001172 <xosc_init>:
10001172:	40048737          	lui	a4,0x40048
10001176:	6785                	lui	a5,0x1
10001178:	aa078793          	addi	a5,a5,-1376 # aa0 <HeapSize+0x2a0>
1000117c:	c31c                	sw	a5,0(a4)
1000117e:	11a00793          	li	a5,282
10001182:	c75c                	sw	a5,12(a4)
10001184:	4004a7b7          	lui	a5,0x4004a
10001188:	00fab737          	lui	a4,0xfab
1000118c:	c398                	sw	a4,0(a5)
1000118e:	400487b7          	lui	a5,0x40048
10001192:	43dc                	lw	a5,4(a5)
10001194:	fe07dde3          	bgez	a5,1000118e <xosc_init+0x1c>
10001198:	8082                	ret

1000119a <runtime_run_initializers_from>:
1000119a:	1141                	addi	sp,sp,-16
1000119c:	c606                	sw	ra,12(sp)
1000119e:	c422                	sw	s0,8(sp)
100011a0:	842a                	mv	s0,a0
100011a2:	a021                	j	100011aa <runtime_run_initializers_from+0x10>
100011a4:	401c                	lw	a5,0(s0)
100011a6:	9782                	jalr	a5
100011a8:	0411                	addi	s0,s0,4
100011aa:	100037b7          	lui	a5,0x10003
100011ae:	b8478793          	addi	a5,a5,-1148 # 10002b84 <__frame_dummy_init_array_entry>
100011b2:	fef469e3          	bltu	s0,a5,100011a4 <runtime_run_initializers_from+0xa>
100011b6:	40b2                	lw	ra,12(sp)
100011b8:	4422                	lw	s0,8(sp)
100011ba:	0141                	addi	sp,sp,16
100011bc:	8082                	ret

100011be <first_per_core_initializer>:
100011be:	8082                	ret

100011c0 <runtime_run_initializers>:
100011c0:	1141                	addi	sp,sp,-16
100011c2:	c606                	sw	ra,12(sp)
100011c4:	10003537          	lui	a0,0x10003
100011c8:	b4c50513          	addi	a0,a0,-1204 # 10002b4c <__pre_init_runtime_init_bootrom_reset>
100011cc:	37f9                	jal	1000119a <runtime_run_initializers_from>
100011ce:	40b2                	lw	ra,12(sp)
100011d0:	0141                	addi	sp,sp,16
100011d2:	8082                	ret

100011d4 <runtime_init_early_resets>:
100011d4:	40022737          	lui	a4,0x40022
100011d8:	efef47b7          	lui	a5,0xefef4
100011dc:	b7f78793          	addi	a5,a5,-1153 # efef3b7f <__StackTop+0xcfe71b7f>
100011e0:	c31c                	sw	a5,0(a4)
100011e2:	40023737          	lui	a4,0x40023
100011e6:	03f407b7          	lui	a5,0x3f40
100011ea:	17d9                	addi	a5,a5,-10 # 3f3fff6 <HeapSize+0x3f3f7f6>
100011ec:	c31c                	sw	a5,0(a4)
100011ee:	400207b7          	lui	a5,0x40020
100011f2:	479c                	lw	a5,8(a5)
100011f4:	03f40737          	lui	a4,0x3f40
100011f8:	1759                	addi	a4,a4,-10 # 3f3fff6 <HeapSize+0x3f3f7f6>
100011fa:	40f777b3          	andn	a5,a4,a5
100011fe:	fbe5                	bnez	a5,100011ee <runtime_init_early_resets+0x1a>
10001200:	8082                	ret

10001202 <runtime_init_usb_power_down>:
10001202:	501107b7          	lui	a5,0x50110
10001206:	47f8                	lw	a4,76(a5)
10001208:	67a1                	lui	a5,0x8
1000120a:	00f70363          	beq	a4,a5,10001210 <runtime_init_usb_power_down+0xe>
1000120e:	8082                	ret
10001210:	501127b7          	lui	a5,0x50112
10001214:	00040737          	lui	a4,0x40
10001218:	c7f8                	sw	a4,76(a5)
1000121a:	8082                	ret

1000121c <runtime_init_post_clock_resets>:
1000121c:	40023737          	lui	a4,0x40023
10001220:	200007b7          	lui	a5,0x20000
10001224:	17fd                	addi	a5,a5,-1 # 1fffffff <__flash_binary_end+0xfffacbf>
10001226:	c31c                	sw	a5,0(a4)
10001228:	400207b7          	lui	a5,0x40020
1000122c:	479c                	lw	a5,8(a5)
1000122e:	20000737          	lui	a4,0x20000
10001232:	177d                	addi	a4,a4,-1 # 1fffffff <__flash_binary_end+0xfffacbf>
10001234:	40f777b3          	andn	a5,a4,a5
10001238:	fbe5                	bnez	a5,10001228 <runtime_init_post_clock_resets+0xc>
1000123a:	8082                	ret

1000123c <runtime_init_bootrom_reset>:
1000123c:	1141                	addi	sp,sp,-16
1000123e:	c606                	sw	ra,12(sp)
10001240:	6515                	lui	a0,0x5
10001242:	25350513          	addi	a0,a0,595 # 5253 <HeapSize+0x4a53>
10001246:	3de9                	jal	10001120 <rom_func_lookup>
10001248:	87aa                	mv	a5,a0
1000124a:	4511                	li	a0,4
1000124c:	9782                	jalr	a5
1000124e:	40b2                	lw	ra,12(sp)
10001250:	0141                	addi	sp,sp,16
10001252:	8082                	ret

10001254 <runtime_init_per_core_bootrom_reset>:
10001254:	1141                	addi	sp,sp,-16
10001256:	c606                	sw	ra,12(sp)
10001258:	6515                	lui	a0,0x5
1000125a:	25350513          	addi	a0,a0,595 # 5253 <HeapSize+0x4a53>
1000125e:	35c9                	jal	10001120 <rom_func_lookup>
10001260:	87aa                	mv	a5,a0
10001262:	4505                	li	a0,1
10001264:	9782                	jalr	a5
10001266:	40b2                	lw	ra,12(sp)
10001268:	0141                	addi	sp,sp,16
1000126a:	8082                	ret

1000126c <runtime_init_spin_locks_reset>:
1000126c:	1141                	addi	sp,sp,-16
1000126e:	c606                	sw	ra,12(sp)
10001270:	816ff0ef          	jal	10000286 <spin_locks_reset>
10001274:	40b2                	lw	ra,12(sp)
10001276:	0141                	addi	sp,sp,16
10001278:	8082                	ret

1000127a <start_all_ticks>:
1000127a:	1141                	addi	sp,sp,-16
1000127c:	c606                	sw	ra,12(sp)
1000127e:	c422                	sw	s0,8(sp)
10001280:	c226                	sw	s1,4(sp)
10001282:	4511                	li	a0,4
10001284:	333d                	jal	10000fb2 <clock_get_hz>
10001286:	431be7b7          	lui	a5,0x431be
1000128a:	e8378793          	addi	a5,a5,-381 # 431bde83 <__StackTop+0x2313be83>
1000128e:	02f534b3          	mulhu	s1,a0,a5
10001292:	80c9                	srli	s1,s1,0x12
10001294:	4401                	li	s0,0
10001296:	a029                	j	100012a0 <start_all_ticks+0x26>
10001298:	85a6                	mv	a1,s1
1000129a:	8522                	mv	a0,s0
1000129c:	35bd                	jal	1000110a <tick_start>
1000129e:	0405                	addi	s0,s0,1
100012a0:	4795                	li	a5,5
100012a2:	fe87dbe3          	bge	a5,s0,10001298 <start_all_ticks+0x1e>
100012a6:	40b2                	lw	ra,12(sp)
100012a8:	4422                	lw	s0,8(sp)
100012aa:	4492                	lw	s1,4(sp)
100012ac:	0141                	addi	sp,sp,16
100012ae:	8082                	ret

100012b0 <runtime_init_clocks>:
100012b0:	1141                	addi	sp,sp,-16
100012b2:	c606                	sw	ra,12(sp)
100012b4:	400107b7          	lui	a5,0x40010
100012b8:	0807a223          	sw	zero,132(a5) # 40010084 <__StackTop+0x1ff8e084>
100012bc:	3d5d                	jal	10001172 <xosc_init>
100012be:	400137b7          	lui	a5,0x40013
100012c2:	4705                	li	a4,1
100012c4:	dfd8                	sw	a4,60(a5)
100012c6:	400107b7          	lui	a5,0x40010
100012ca:	43f8                	lw	a4,68(a5)
100012cc:	4785                	li	a5,1
100012ce:	fef71ce3          	bne	a4,a5,100012c6 <runtime_init_clocks+0x16>
100012d2:	400137b7          	lui	a5,0x40013
100012d6:	470d                	li	a4,3
100012d8:	db98                	sw	a4,48(a5)
100012da:	400107b7          	lui	a5,0x40010
100012de:	5f98                	lw	a4,56(a5)
100012e0:	4785                	li	a5,1
100012e2:	fef71ce3          	bne	a4,a5,100012da <runtime_init_clocks+0x2a>
100012e6:	4709                	li	a4,2
100012e8:	4695                	li	a3,5
100012ea:	59683637          	lui	a2,0x59683
100012ee:	f0060613          	addi	a2,a2,-256 # 59682f00 <__StackTop+0x39600f00>
100012f2:	85be                	mv	a1,a5
100012f4:	40050537          	lui	a0,0x40050
100012f8:	31e9                	jal	10000fc2 <pll_init>
100012fa:	4715                	li	a4,5
100012fc:	86ba                	mv	a3,a4
100012fe:	47869637          	lui	a2,0x47869
10001302:	c0060613          	addi	a2,a2,-1024 # 47868c00 <__StackTop+0x277e6c00>
10001306:	4585                	li	a1,1
10001308:	40058537          	lui	a0,0x40058
1000130c:	395d                	jal	10000fc2 <pll_init>
1000130e:	00b726b7          	lui	a3,0xb72
10001312:	b0068693          	addi	a3,a3,-1280 # b71b00 <HeapSize+0xb71300>
10001316:	4601                	li	a2,0
10001318:	4589                	li	a1,2
1000131a:	4511                	li	a0,4
1000131c:	3161                	jal	10000fa4 <clock_configure_undivided>
1000131e:	08f0d6b7          	lui	a3,0x8f0d
10001322:	18068693          	addi	a3,a3,384 # 8f0d180 <HeapSize+0x8f0c980>
10001326:	4601                	li	a2,0
10001328:	4585                	li	a1,1
1000132a:	4515                	li	a0,5
1000132c:	39a5                	jal	10000fa4 <clock_configure_undivided>
1000132e:	02dc76b7          	lui	a3,0x2dc7
10001332:	c0068693          	addi	a3,a3,-1024 # 2dc6c00 <HeapSize+0x2dc6400>
10001336:	4601                	li	a2,0
10001338:	4581                	li	a1,0
1000133a:	4521                	li	a0,8
1000133c:	31a5                	jal	10000fa4 <clock_configure_undivided>
1000133e:	02dc76b7          	lui	a3,0x2dc7
10001342:	c0068693          	addi	a3,a3,-1024 # 2dc6c00 <HeapSize+0x2dc6400>
10001346:	4601                	li	a2,0
10001348:	4581                	li	a1,0
1000134a:	4525                	li	a0,9
1000134c:	39a1                	jal	10000fa4 <clock_configure_undivided>
1000134e:	08f0d6b7          	lui	a3,0x8f0d
10001352:	18068693          	addi	a3,a3,384 # 8f0d180 <HeapSize+0x8f0c980>
10001356:	4601                	li	a2,0
10001358:	4581                	li	a1,0
1000135a:	4519                	li	a0,6
1000135c:	31a1                	jal	10000fa4 <clock_configure_undivided>
1000135e:	08f0d6b7          	lui	a3,0x8f0d
10001362:	18068693          	addi	a3,a3,384 # 8f0d180 <HeapSize+0x8f0c980>
10001366:	4601                	li	a2,0
10001368:	4581                	li	a1,0
1000136a:	451d                	li	a0,7
1000136c:	3925                	jal	10000fa4 <clock_configure_undivided>
1000136e:	3731                	jal	1000127a <start_all_ticks>
10001370:	40b2                	lw	ra,12(sp)
10001372:	0141                	addi	sp,sp,16
10001374:	8082                	ret

10001376 <_out_null>:
10001376:	8082                	ret

10001378 <_out_fct>:
10001378:	c909                	beqz	a0,1000138a <_out_fct+0x12>
1000137a:	1141                	addi	sp,sp,-16
1000137c:	c606                	sw	ra,12(sp)
1000137e:	419c                	lw	a5,0(a1)
10001380:	41cc                	lw	a1,4(a1)
10001382:	9782                	jalr	a5
10001384:	40b2                	lw	ra,12(sp)
10001386:	0141                	addi	sp,sp,16
10001388:	8082                	ret
1000138a:	8082                	ret

1000138c <_atoi>:
1000138c:	86aa                	mv	a3,a0
1000138e:	4501                	li	a0,0
10001390:	a819                	j	100013a6 <_atoi+0x1a>
10001392:	20a54533          	sh2add	a0,a0,a0
10001396:	00170793          	addi	a5,a4,1
1000139a:	c29c                	sw	a5,0(a3)
1000139c:	831c                	lbu	a5,0(a4)
1000139e:	20f52533          	sh1add	a0,a0,a5
100013a2:	fd050513          	addi	a0,a0,-48 # 40057fd0 <__StackTop+0x1ffd5fd0>
100013a6:	4298                	lw	a4,0(a3)
100013a8:	831c                	lbu	a5,0(a4)
100013aa:	fd078793          	addi	a5,a5,-48 # 4000ffd0 <__StackTop+0x1ff8dfd0>
100013ae:	9fe1                	zext.b	a5,a5
100013b0:	4625                	li	a2,9
100013b2:	fef670e3          	bgeu	a2,a5,10001392 <_atoi+0x6>
100013b6:	8082                	ret

100013b8 <_out_rev>:
100013b8:	7179                	addi	sp,sp,-48
100013ba:	d606                	sw	ra,44(sp)
100013bc:	d422                	sw	s0,40(sp)
100013be:	d226                	sw	s1,36(sp)
100013c0:	d04a                	sw	s2,32(sp)
100013c2:	ce4e                	sw	s3,28(sp)
100013c4:	cc52                	sw	s4,24(sp)
100013c6:	ca56                	sw	s5,20(sp)
100013c8:	c85a                	sw	s6,16(sp)
100013ca:	c65e                	sw	s7,12(sp)
100013cc:	c462                	sw	s8,8(sp)
100013ce:	84aa                	mv	s1,a0
100013d0:	892e                	mv	s2,a1
100013d2:	8bb2                	mv	s7,a2
100013d4:	89b6                	mv	s3,a3
100013d6:	8aba                	mv	s5,a4
100013d8:	843e                	mv	s0,a5
100013da:	8b42                	mv	s6,a6
100013dc:	0028fc13          	andi	s8,a7,2
100013e0:	040c1063          	bnez	s8,10001420 <_out_rev+0x68>
100013e4:	0018f893          	andi	a7,a7,1
100013e8:	02089c63          	bnez	a7,10001420 <_out_rev+0x68>
100013ec:	c266                	sw	s9,4(sp)
100013ee:	8a3e                	mv	s4,a5
100013f0:	a811                	j	10001404 <_out_rev+0x4c>
100013f2:	00160c93          	addi	s9,a2,1
100013f6:	86ce                	mv	a3,s3
100013f8:	85ca                	mv	a1,s2
100013fa:	02000513          	li	a0,32
100013fe:	9482                	jalr	s1
10001400:	0a05                	addi	s4,s4,1
10001402:	8666                	mv	a2,s9
10001404:	ff6a67e3          	bltu	s4,s6,100013f2 <_out_rev+0x3a>
10001408:	4c92                	lw	s9,4(sp)
1000140a:	a819                	j	10001420 <_out_rev+0x68>
1000140c:	147d                	addi	s0,s0,-1
1000140e:	008a87b3          	add	a5,s5,s0
10001412:	00160a13          	addi	s4,a2,1
10001416:	86ce                	mv	a3,s3
10001418:	85ca                	mv	a1,s2
1000141a:	8388                	lbu	a0,0(a5)
1000141c:	9482                	jalr	s1
1000141e:	8652                	mv	a2,s4
10001420:	f475                	bnez	s0,1000140c <_out_rev+0x54>
10001422:	020c1763          	bnez	s8,10001450 <_out_rev+0x98>
10001426:	8532                	mv	a0,a2
10001428:	50b2                	lw	ra,44(sp)
1000142a:	5422                	lw	s0,40(sp)
1000142c:	5492                	lw	s1,36(sp)
1000142e:	5902                	lw	s2,32(sp)
10001430:	49f2                	lw	s3,28(sp)
10001432:	4a62                	lw	s4,24(sp)
10001434:	4ad2                	lw	s5,20(sp)
10001436:	4b42                	lw	s6,16(sp)
10001438:	4bb2                	lw	s7,12(sp)
1000143a:	4c22                	lw	s8,8(sp)
1000143c:	6145                	addi	sp,sp,48
1000143e:	8082                	ret
10001440:	00160413          	addi	s0,a2,1
10001444:	86ce                	mv	a3,s3
10001446:	85ca                	mv	a1,s2
10001448:	02000513          	li	a0,32
1000144c:	9482                	jalr	s1
1000144e:	8622                	mv	a2,s0
10001450:	417607b3          	sub	a5,a2,s7
10001454:	ff67e6e3          	bltu	a5,s6,10001440 <_out_rev+0x88>
10001458:	b7f9                	j	10001426 <_out_rev+0x6e>

1000145a <_ntoa_format>:
1000145a:	1141                	addi	sp,sp,-16
1000145c:	c606                	sw	ra,12(sp)
1000145e:	8fc2                	mv	t6,a6
10001460:	8ec6                	mv	t4,a7
10001462:	4f42                	lw	t5,16(sp)
10001464:	4852                	lw	a6,20(sp)
10001466:	48e2                	lw	a7,24(sp)
10001468:	0028f313          	andi	t1,a7,2
1000146c:	04031f63          	bnez	t1,100014ca <_ntoa_format+0x70>
10001470:	02080563          	beqz	a6,1000149a <_ntoa_format+0x40>
10001474:	0018f313          	andi	t1,a7,1
10001478:	02030163          	beqz	t1,1000149a <_ntoa_format+0x40>
1000147c:	000f9663          	bnez	t6,10001488 <_ntoa_format+0x2e>
10001480:	00c8f313          	andi	t1,a7,12
10001484:	00030b63          	beqz	t1,1000149a <_ntoa_format+0x40>
10001488:	187d                	addi	a6,a6,-1
1000148a:	a801                	j	1000149a <_ntoa_format+0x40>
1000148c:	00f70333          	add	t1,a4,a5
10001490:	03000e13          	li	t3,48
10001494:	01c30023          	sb	t3,0(t1)
10001498:	0785                	addi	a5,a5,1
1000149a:	0207b313          	sltiu	t1,a5,32
1000149e:	01e7f463          	bgeu	a5,t5,100014a6 <_ntoa_format+0x4c>
100014a2:	fe0315e3          	bnez	t1,1000148c <_ntoa_format+0x32>
100014a6:	0018f313          	andi	t1,a7,1
100014aa:	02030063          	beqz	t1,100014ca <_ntoa_format+0x70>
100014ae:	0207b313          	sltiu	t1,a5,32
100014b2:	0107fc63          	bgeu	a5,a6,100014ca <_ntoa_format+0x70>
100014b6:	00030a63          	beqz	t1,100014ca <_ntoa_format+0x70>
100014ba:	00f70333          	add	t1,a4,a5
100014be:	03000e13          	li	t3,48
100014c2:	01c30023          	sb	t3,0(t1)
100014c6:	0785                	addi	a5,a5,1
100014c8:	bff9                	j	100014a6 <_ntoa_format+0x4c>
100014ca:	0108f313          	andi	t1,a7,16
100014ce:	08030d63          	beqz	t1,10001568 <_ntoa_format+0x10e>
100014d2:	4008f313          	andi	t1,a7,1024
100014d6:	04031c63          	bnez	t1,1000152e <_ntoa_format+0xd4>
100014da:	cbb1                	beqz	a5,1000152e <_ntoa_format+0xd4>
100014dc:	41e78333          	sub	t1,a5,t5
100014e0:	00133313          	seqz	t1,t1
100014e4:	41078e33          	sub	t3,a5,a6
100014e8:	001e3e13          	seqz	t3,t3
100014ec:	01c36333          	or	t1,t1,t3
100014f0:	02030f63          	beqz	t1,1000152e <_ntoa_format+0xd4>
100014f4:	fff78f13          	addi	t5,a5,-1
100014f8:	01e03333          	snez	t1,t5
100014fc:	ff0e8e13          	addi	t3,t4,-16
10001500:	001e3e13          	seqz	t3,t3
10001504:	01c37333          	and	t1,t1,t3
10001508:	02030263          	beqz	t1,1000152c <_ntoa_format+0xd2>
1000150c:	17f9                	addi	a5,a5,-2
1000150e:	0208f313          	andi	t1,a7,32
10001512:	06031b63          	bnez	t1,10001588 <_ntoa_format+0x12e>
10001516:	4e7d                	li	t3,31
10001518:	06fe6863          	bltu	t3,a5,10001588 <_ntoa_format+0x12e>
1000151c:	00f70333          	add	t1,a4,a5
10001520:	07800e13          	li	t3,120
10001524:	01c30023          	sb	t3,0(t1)
10001528:	0785                	addi	a5,a5,1
1000152a:	a02d                	j	10001554 <_ntoa_format+0xfa>
1000152c:	87fa                	mv	a5,t5
1000152e:	4341                	li	t1,16
10001530:	fc6e8fe3          	beq	t4,t1,1000150e <_ntoa_format+0xb4>
10001534:	1ef9                	addi	t4,t4,-2
10001536:	001ebe93          	seqz	t4,t4
1000153a:	0207b313          	sltiu	t1,a5,32
1000153e:	006efeb3          	and	t4,t4,t1
10001542:	000e8963          	beqz	t4,10001554 <_ntoa_format+0xfa>
10001546:	00f70333          	add	t1,a4,a5
1000154a:	06200e13          	li	t3,98
1000154e:	01c30023          	sb	t3,0(t1)
10001552:	0785                	addi	a5,a5,1
10001554:	437d                	li	t1,31
10001556:	02f36563          	bltu	t1,a5,10001580 <_ntoa_format+0x126>
1000155a:	00f70333          	add	t1,a4,a5
1000155e:	03000e13          	li	t3,48
10001562:	01c30023          	sb	t3,0(t1)
10001566:	0785                	addi	a5,a5,1
10001568:	437d                	li	t1,31
1000156a:	00f36b63          	bltu	t1,a5,10001580 <_ntoa_format+0x126>
1000156e:	020f8d63          	beqz	t6,100015a8 <_ntoa_format+0x14e>
10001572:	00f70333          	add	t1,a4,a5
10001576:	02d00e13          	li	t3,45
1000157a:	01c30023          	sb	t3,0(t1)
1000157e:	0785                	addi	a5,a5,1
10001580:	3d25                	jal	100013b8 <_out_rev>
10001582:	40b2                	lw	ra,12(sp)
10001584:	0141                	addi	sp,sp,16
10001586:	8082                	ret
10001588:	4e41                	li	t3,16
1000158a:	fbce95e3          	bne	t4,t3,10001534 <_ntoa_format+0xda>
1000158e:	fa0303e3          	beqz	t1,10001534 <_ntoa_format+0xda>
10001592:	437d                	li	t1,31
10001594:	faf360e3          	bltu	t1,a5,10001534 <_ntoa_format+0xda>
10001598:	00f70333          	add	t1,a4,a5
1000159c:	05800e13          	li	t3,88
100015a0:	01c30023          	sb	t3,0(t1)
100015a4:	0785                	addi	a5,a5,1
100015a6:	b77d                	j	10001554 <_ntoa_format+0xfa>
100015a8:	0048f313          	andi	t1,a7,4
100015ac:	00030a63          	beqz	t1,100015c0 <_ntoa_format+0x166>
100015b0:	00f70333          	add	t1,a4,a5
100015b4:	02b00e13          	li	t3,43
100015b8:	01c30023          	sb	t3,0(t1)
100015bc:	0785                	addi	a5,a5,1
100015be:	b7c9                	j	10001580 <_ntoa_format+0x126>
100015c0:	0088f313          	andi	t1,a7,8
100015c4:	fa030ee3          	beqz	t1,10001580 <_ntoa_format+0x126>
100015c8:	00f70333          	add	t1,a4,a5
100015cc:	02000e13          	li	t3,32
100015d0:	01c30023          	sb	t3,0(t1)
100015d4:	0785                	addi	a5,a5,1
100015d6:	b76d                	j	10001580 <_ntoa_format+0x126>

100015d8 <_ntoa_long>:
100015d8:	7139                	addi	sp,sp,-64
100015da:	de06                	sw	ra,60(sp)
100015dc:	8fbe                	mv	t6,a5
100015de:	4f16                	lw	t5,68(sp)
100015e0:	e319                	bnez	a4,100015e6 <_ntoa_long+0xe>
100015e2:	feff7f13          	andi	t5,t5,-17
100015e6:	400f7e93          	andi	t4,t5,1024
100015ea:	040e8363          	beqz	t4,10001630 <_ntoa_long+0x58>
100015ee:	c325                	beqz	a4,1000164e <_ntoa_long+0x76>
100015f0:	4e81                	li	t4,0
100015f2:	a83d                	j	10001630 <_ntoa_long+0x58>
100015f4:	020f7313          	andi	t1,t5,32
100015f8:	04030863          	beqz	t1,10001648 <_ntoa_long+0x70>
100015fc:	04100313          	li	t1,65
10001600:	9372                	add	t1,t1,t3
10001602:	0ff37313          	zext.b	t1,t1
10001606:	1359                	addi	t1,t1,-10
10001608:	0ff37313          	zext.b	t1,t1
1000160c:	001e8793          	addi	a5,t4,1
10001610:	030e8e13          	addi	t3,t4,48
10001614:	002e0eb3          	add	t4,t3,sp
10001618:	fe6e8023          	sb	t1,-32(t4)
1000161c:	03075e33          	divu	t3,a4,a6
10001620:	0207b313          	sltiu	t1,a5,32
10001624:	03076663          	bltu	a4,a6,10001650 <_ntoa_long+0x78>
10001628:	02030463          	beqz	t1,10001650 <_ntoa_long+0x78>
1000162c:	8ebe                	mv	t4,a5
1000162e:	8772                	mv	a4,t3
10001630:	03077e33          	remu	t3,a4,a6
10001634:	0ffe7e13          	zext.b	t3,t3
10001638:	4325                	li	t1,9
1000163a:	fbc36de3          	bltu	t1,t3,100015f4 <_ntoa_long+0x1c>
1000163e:	030e0e13          	addi	t3,t3,48
10001642:	0ffe7313          	zext.b	t1,t3
10001646:	b7d9                	j	1000160c <_ntoa_long+0x34>
10001648:	06100313          	li	t1,97
1000164c:	bf55                	j	10001600 <_ntoa_long+0x28>
1000164e:	87ba                	mv	a5,a4
10001650:	c47a                	sw	t5,8(sp)
10001652:	4706                	lw	a4,64(sp)
10001654:	c23a                	sw	a4,4(sp)
10001656:	c046                	sw	a7,0(sp)
10001658:	88c2                	mv	a7,a6
1000165a:	887e                	mv	a6,t6
1000165c:	0818                	addi	a4,sp,16
1000165e:	3bf5                	jal	1000145a <_ntoa_format>
10001660:	50f2                	lw	ra,60(sp)
10001662:	6121                	addi	sp,sp,64
10001664:	8082                	ret

10001666 <_ntoa_long_long>:
10001666:	7119                	addi	sp,sp,-128
10001668:	d686                	sw	ra,108(sp)
1000166a:	d4a2                	sw	s0,104(sp)
1000166c:	d2a6                	sw	s1,100(sp)
1000166e:	d0ca                	sw	s2,96(sp)
10001670:	cece                	sw	s3,92(sp)
10001672:	ccd2                	sw	s4,88(sp)
10001674:	cad6                	sw	s5,84(sp)
10001676:	c8da                	sw	s6,80(sp)
10001678:	c6de                	sw	s7,76(sp)
1000167a:	c4e2                	sw	s8,72(sp)
1000167c:	c2e6                	sw	s9,68(sp)
1000167e:	c0ea                	sw	s10,64(sp)
10001680:	de6e                	sw	s11,60(sp)
10001682:	8baa                	mv	s7,a0
10001684:	8c2e                	mv	s8,a1
10001686:	8cb2                	mv	s9,a2
10001688:	8d36                	mv	s10,a3
1000168a:	893a                	mv	s2,a4
1000168c:	84be                	mv	s1,a5
1000168e:	8dc2                	mv	s11,a6
10001690:	dec6                	sw	a7,124(sp)
10001692:	8ac6                	mv	s5,a7
10001694:	498a                	lw	s3,128(sp)
10001696:	4b3a                	lw	s6,140(sp)
10001698:	8fd9                	or	a5,a5,a4
1000169a:	e399                	bnez	a5,100016a0 <_ntoa_long_long+0x3a>
1000169c:	fefb7b13          	andi	s6,s6,-17
100016a0:	400b7413          	andi	s0,s6,1024
100016a4:	cc05                	beqz	s0,100016dc <_ntoa_long_long+0x76>
100016a6:	009967b3          	or	a5,s2,s1
100016aa:	c3c9                	beqz	a5,1000172c <_ntoa_long_long+0xc6>
100016ac:	4401                	li	s0,0
100016ae:	a03d                	j	100016dc <_ntoa_long_long+0x76>
100016b0:	020b7793          	andi	a5,s6,32
100016b4:	cb81                	beqz	a5,100016c4 <_ntoa_long_long+0x5e>
100016b6:	04100793          	li	a5,65
100016ba:	97aa                	add	a5,a5,a0
100016bc:	9fe1                	zext.b	a5,a5
100016be:	17d9                	addi	a5,a5,-10
100016c0:	9fe1                	zext.b	a5,a5
100016c2:	a82d                	j	100016fc <_ntoa_long_long+0x96>
100016c4:	06100793          	li	a5,97
100016c8:	bfcd                	j	100016ba <_ntoa_long_long+0x54>
100016ca:	4781                	li	a5,0
100016cc:	9fe1                	zext.b	a5,a5
100016ce:	020a3713          	sltiu	a4,s4,32
100016d2:	cfb1                	beqz	a5,1000172e <_ntoa_long_long+0xc8>
100016d4:	cf29                	beqz	a4,1000172e <_ntoa_long_long+0xc8>
100016d6:	8452                	mv	s0,s4
100016d8:	892a                	mv	s2,a0
100016da:	84ae                	mv	s1,a1
100016dc:	8656                	mv	a2,s5
100016de:	86ce                	mv	a3,s3
100016e0:	854a                	mv	a0,s2
100016e2:	85a6                	mv	a1,s1
100016e4:	0ffff097          	auipc	ra,0xffff
100016e8:	d98080e7          	jalr	-616(ra) # 2000047c <__umoddi3>
100016ec:	9d61                	zext.b	a0,a0
100016ee:	47a5                	li	a5,9
100016f0:	fca7e0e3          	bltu	a5,a0,100016b0 <_ntoa_long_long+0x4a>
100016f4:	03050513          	addi	a0,a0,48
100016f8:	0ff57793          	zext.b	a5,a0
100016fc:	00140a13          	addi	s4,s0,1
10001700:	03040713          	addi	a4,s0,48
10001704:	00270433          	add	s0,a4,sp
10001708:	fef40023          	sb	a5,-32(s0)
1000170c:	8656                	mv	a2,s5
1000170e:	86ce                	mv	a3,s3
10001710:	854a                	mv	a0,s2
10001712:	85a6                	mv	a1,s1
10001714:	0ffff097          	auipc	ra,0xffff
10001718:	a92080e7          	jalr	-1390(ra) # 200001a6 <__udivdi3>
1000171c:	4785                	li	a5,1
1000171e:	fb34e6e3          	bltu	s1,s3,100016ca <_ntoa_long_long+0x64>
10001722:	fa9995e3          	bne	s3,s1,100016cc <_ntoa_long_long+0x66>
10001726:	fb5973e3          	bgeu	s2,s5,100016cc <_ntoa_long_long+0x66>
1000172a:	b745                	j	100016ca <_ntoa_long_long+0x64>
1000172c:	4a01                	li	s4,0
1000172e:	c45a                	sw	s6,8(sp)
10001730:	47aa                	lw	a5,136(sp)
10001732:	c23e                	sw	a5,4(sp)
10001734:	479a                	lw	a5,132(sp)
10001736:	c03e                	sw	a5,0(sp)
10001738:	88d6                	mv	a7,s5
1000173a:	886e                	mv	a6,s11
1000173c:	87d2                	mv	a5,s4
1000173e:	0818                	addi	a4,sp,16
10001740:	86ea                	mv	a3,s10
10001742:	8666                	mv	a2,s9
10001744:	85e2                	mv	a1,s8
10001746:	855e                	mv	a0,s7
10001748:	3b09                	jal	1000145a <_ntoa_format>
1000174a:	50b6                	lw	ra,108(sp)
1000174c:	5426                	lw	s0,104(sp)
1000174e:	5496                	lw	s1,100(sp)
10001750:	5906                	lw	s2,96(sp)
10001752:	49f6                	lw	s3,92(sp)
10001754:	4a66                	lw	s4,88(sp)
10001756:	4ad6                	lw	s5,84(sp)
10001758:	4b46                	lw	s6,80(sp)
1000175a:	4bb6                	lw	s7,76(sp)
1000175c:	4c26                	lw	s8,72(sp)
1000175e:	4c96                	lw	s9,68(sp)
10001760:	4d06                	lw	s10,64(sp)
10001762:	5df2                	lw	s11,60(sp)
10001764:	6109                	addi	sp,sp,128
10001766:	8082                	ret

10001768 <_etoa>:
10001768:	7159                	addi	sp,sp,-112
1000176a:	d686                	sw	ra,108(sp)
1000176c:	d4a2                	sw	s0,104(sp)
1000176e:	d2a6                	sw	s1,100(sp)
10001770:	d0ca                	sw	s2,96(sp)
10001772:	cece                	sw	s3,92(sp)
10001774:	842a                	mv	s0,a0
10001776:	ca2e                	sw	a1,20(sp)
10001778:	ce32                	sw	a2,28(sp)
1000177a:	cc36                	sw	a3,24(sp)
1000177c:	89ba                	mv	s3,a4
1000177e:	d03a                	sw	a4,32(sp)
10001780:	893e                	mv	s2,a5
10001782:	d23e                	sw	a5,36(sp)
10001784:	d442                	sw	a6,40(sp)
10001786:	84c6                	mv	s1,a7
10001788:	864e                	mv	a2,s3
1000178a:	86ca                	mv	a3,s2
1000178c:	854e                	mv	a0,s3
1000178e:	85ca                	mv	a1,s2
10001790:	10000097          	auipc	ra,0x10000
10001794:	54a080e7          	jalr	1354(ra) # 20001cda <__unorddf2>
10001798:	2c051f63          	bnez	a0,10001a76 <_etoa+0x30e>
1000179c:	100037b7          	lui	a5,0x10003
100017a0:	1007a603          	lw	a2,256(a5) # 10003100 <pow10.0+0x50>
100017a4:	1047a683          	lw	a3,260(a5)
100017a8:	854e                	mv	a0,s3
100017aa:	85ca                	mv	a1,s2
100017ac:	10000097          	auipc	ra,0x10000
100017b0:	a24080e7          	jalr	-1500(ra) # 200011d0 <__gedf2>
100017b4:	2ca04163          	bgtz	a0,10001a76 <_etoa+0x30e>
100017b8:	100037b7          	lui	a5,0x10003
100017bc:	1087a603          	lw	a2,264(a5) # 10003108 <pow10.0+0x58>
100017c0:	10c7a683          	lw	a3,268(a5)
100017c4:	854e                	mv	a0,s3
100017c6:	85ca                	mv	a1,s2
100017c8:	10000097          	auipc	ra,0x10000
100017cc:	abe080e7          	jalr	-1346(ra) # 20001286 <__ledf2>
100017d0:	2a054363          	bltz	a0,10001a76 <_etoa+0x30e>
100017d4:	ccd2                	sw	s4,88(sp)
100017d6:	cad6                	sw	s5,84(sp)
100017d8:	c8da                	sw	s6,80(sp)
100017da:	c6de                	sw	s7,76(sp)
100017dc:	c4e2                	sw	s8,72(sp)
100017de:	c2e6                	sw	s9,68(sp)
100017e0:	de6e                	sw	s11,60(sp)
100017e2:	4601                	li	a2,0
100017e4:	4681                	li	a3,0
100017e6:	5902                	lw	s2,32(sp)
100017e8:	5992                	lw	s3,36(sp)
100017ea:	854a                	mv	a0,s2
100017ec:	85ce                	mv	a1,s3
100017ee:	10000097          	auipc	ra,0x10000
100017f2:	a98080e7          	jalr	-1384(ra) # 20001286 <__ledf2>
100017f6:	2a054463          	bltz	a0,10001a9e <_etoa+0x336>
100017fa:	5782                	lw	a5,32(sp)
100017fc:	8bbe                	mv	s7,a5
100017fe:	5792                	lw	a5,36(sp)
10001800:	8dbe                	mv	s11,a5
10001802:	57c6                	lw	a5,112(sp)
10001804:	4007f793          	andi	a5,a5,1024
10001808:	d63e                	sw	a5,44(sp)
1000180a:	e399                	bnez	a5,10001810 <_etoa+0xa8>
1000180c:	4799                	li	a5,6
1000180e:	d43e                	sw	a5,40(sp)
10001810:	8ade                	mv	s5,s7
10001812:	8b6e                	mv	s6,s11
10001814:	01bbe7b3          	or	a5,s7,s11
10001818:	28078863          	beqz	a5,10001aa8 <_etoa+0x340>
1000181c:	c0ea                	sw	s10,64(sp)
1000181e:	014dd513          	srli	a0,s11,0x14
10001822:	7ff57513          	andi	a0,a0,2047
10001826:	001007b7          	lui	a5,0x100
1000182a:	17fd                	addi	a5,a5,-1 # fffff <HeapSize+0xff7ff>
1000182c:	00fdf7b3          	and	a5,s11,a5
10001830:	3ff00737          	lui	a4,0x3ff00
10001834:	00e7e933          	or	s2,a5,a4
10001838:	c0150513          	addi	a0,a0,-1023
1000183c:	10000097          	auipc	ra,0x10000
10001840:	590080e7          	jalr	1424(ra) # 20001dcc <__floatsidf>
10001844:	100037b7          	lui	a5,0x10003
10001848:	1107a603          	lw	a2,272(a5) # 10003110 <pow10.0+0x60>
1000184c:	1147a683          	lw	a3,276(a5)
10001850:	10000097          	auipc	ra,0x10000
10001854:	aec080e7          	jalr	-1300(ra) # 2000133c <__muldf3>
10001858:	100037b7          	lui	a5,0x10003
1000185c:	1187a603          	lw	a2,280(a5) # 10003118 <pow10.0+0x68>
10001860:	11c7a683          	lw	a3,284(a5)
10001864:	0ffff097          	auipc	ra,0xffff
10001868:	f3e080e7          	jalr	-194(ra) # 200007a2 <__adddf3>
1000186c:	8a2a                	mv	s4,a0
1000186e:	89ae                	mv	s3,a1
10001870:	100037b7          	lui	a5,0x10003
10001874:	1207a603          	lw	a2,288(a5) # 10003120 <pow10.0+0x70>
10001878:	1247a683          	lw	a3,292(a5)
1000187c:	855e                	mv	a0,s7
1000187e:	85ca                	mv	a1,s2
10001880:	10000097          	auipc	ra,0x10000
10001884:	ec8080e7          	jalr	-312(ra) # 20001748 <__subdf3>
10001888:	100037b7          	lui	a5,0x10003
1000188c:	1287a603          	lw	a2,296(a5) # 10003128 <pow10.0+0x78>
10001890:	12c7a683          	lw	a3,300(a5)
10001894:	10000097          	auipc	ra,0x10000
10001898:	aa8080e7          	jalr	-1368(ra) # 2000133c <__muldf3>
1000189c:	862a                	mv	a2,a0
1000189e:	86ae                	mv	a3,a1
100018a0:	8552                	mv	a0,s4
100018a2:	85ce                	mv	a1,s3
100018a4:	0ffff097          	auipc	ra,0xffff
100018a8:	efe080e7          	jalr	-258(ra) # 200007a2 <__adddf3>
100018ac:	10000097          	auipc	ra,0x10000
100018b0:	462080e7          	jalr	1122(ra) # 20001d0e <__fixdfsi>
100018b4:	8c2a                	mv	s8,a0
100018b6:	10000097          	auipc	ra,0x10000
100018ba:	516080e7          	jalr	1302(ra) # 20001dcc <__floatsidf>
100018be:	8a2a                	mv	s4,a0
100018c0:	89ae                	mv	s3,a1
100018c2:	100037b7          	lui	a5,0x10003
100018c6:	1307a603          	lw	a2,304(a5) # 10003130 <pow10.0+0x80>
100018ca:	1347a683          	lw	a3,308(a5)
100018ce:	10000097          	auipc	ra,0x10000
100018d2:	a6e080e7          	jalr	-1426(ra) # 2000133c <__muldf3>
100018d6:	100037b7          	lui	a5,0x10003
100018da:	1387a603          	lw	a2,312(a5) # 10003138 <pow10.0+0x88>
100018de:	13c7a683          	lw	a3,316(a5)
100018e2:	0ffff097          	auipc	ra,0xffff
100018e6:	ec0080e7          	jalr	-320(ra) # 200007a2 <__adddf3>
100018ea:	10000097          	auipc	ra,0x10000
100018ee:	424080e7          	jalr	1060(ra) # 20001d0e <__fixdfsi>
100018f2:	892a                	mv	s2,a0
100018f4:	100037b7          	lui	a5,0x10003
100018f8:	1407a603          	lw	a2,320(a5) # 10003140 <pow10.0+0x90>
100018fc:	1447a683          	lw	a3,324(a5)
10001900:	8552                	mv	a0,s4
10001902:	85ce                	mv	a1,s3
10001904:	10000097          	auipc	ra,0x10000
10001908:	a38080e7          	jalr	-1480(ra) # 2000133c <__muldf3>
1000190c:	8a2a                	mv	s4,a0
1000190e:	89ae                	mv	s3,a1
10001910:	854a                	mv	a0,s2
10001912:	10000097          	auipc	ra,0x10000
10001916:	4ba080e7          	jalr	1210(ra) # 20001dcc <__floatsidf>
1000191a:	100037b7          	lui	a5,0x10003
1000191e:	1487a603          	lw	a2,328(a5) # 10003148 <pow10.0+0x98>
10001922:	14c7a683          	lw	a3,332(a5)
10001926:	10000097          	auipc	ra,0x10000
1000192a:	a16080e7          	jalr	-1514(ra) # 2000133c <__muldf3>
1000192e:	862a                	mv	a2,a0
10001930:	86ae                	mv	a3,a1
10001932:	8552                	mv	a0,s4
10001934:	85ce                	mv	a1,s3
10001936:	10000097          	auipc	ra,0x10000
1000193a:	e12080e7          	jalr	-494(ra) # 20001748 <__subdf3>
1000193e:	8a2a                	mv	s4,a0
10001940:	89ae                	mv	s3,a1
10001942:	862a                	mv	a2,a0
10001944:	86ae                	mv	a3,a1
10001946:	10000097          	auipc	ra,0x10000
1000194a:	9f6080e7          	jalr	-1546(ra) # 2000133c <__muldf3>
1000194e:	8b2a                	mv	s6,a0
10001950:	8aae                	mv	s5,a1
10001952:	3ff90913          	addi	s2,s2,1023
10001956:	0952                	slli	s2,s2,0x14
10001958:	8652                	mv	a2,s4
1000195a:	86ce                	mv	a3,s3
1000195c:	8552                	mv	a0,s4
1000195e:	85ce                	mv	a1,s3
10001960:	0ffff097          	auipc	ra,0xffff
10001964:	e42080e7          	jalr	-446(ra) # 200007a2 <__adddf3>
10001968:	8d2a                	mv	s10,a0
1000196a:	8cae                	mv	s9,a1
1000196c:	8652                	mv	a2,s4
1000196e:	86ce                	mv	a3,s3
10001970:	100037b7          	lui	a5,0x10003
10001974:	1507a503          	lw	a0,336(a5) # 10003150 <pow10.0+0xa0>
10001978:	1547a583          	lw	a1,340(a5)
1000197c:	10000097          	auipc	ra,0x10000
10001980:	dcc080e7          	jalr	-564(ra) # 20001748 <__subdf3>
10001984:	8a2a                	mv	s4,a0
10001986:	89ae                	mv	s3,a1
10001988:	100037b7          	lui	a5,0x10003
1000198c:	1587a603          	lw	a2,344(a5) # 10003158 <pow10.0+0xa8>
10001990:	15c7a683          	lw	a3,348(a5)
10001994:	855a                	mv	a0,s6
10001996:	85d6                	mv	a1,s5
10001998:	0ffff097          	auipc	ra,0xffff
1000199c:	388080e7          	jalr	904(ra) # 20000d20 <__divdf3>
100019a0:	100037b7          	lui	a5,0x10003
100019a4:	1607a603          	lw	a2,352(a5) # 10003160 <pow10.0+0xb0>
100019a8:	1647a683          	lw	a3,356(a5)
100019ac:	0ffff097          	auipc	ra,0xffff
100019b0:	df6080e7          	jalr	-522(ra) # 200007a2 <__adddf3>
100019b4:	862a                	mv	a2,a0
100019b6:	86ae                	mv	a3,a1
100019b8:	855a                	mv	a0,s6
100019ba:	85d6                	mv	a1,s5
100019bc:	0ffff097          	auipc	ra,0xffff
100019c0:	364080e7          	jalr	868(ra) # 20000d20 <__divdf3>
100019c4:	100037b7          	lui	a5,0x10003
100019c8:	1687a603          	lw	a2,360(a5) # 10003168 <pow10.0+0xb8>
100019cc:	16c7a683          	lw	a3,364(a5)
100019d0:	0ffff097          	auipc	ra,0xffff
100019d4:	dd2080e7          	jalr	-558(ra) # 200007a2 <__adddf3>
100019d8:	862a                	mv	a2,a0
100019da:	86ae                	mv	a3,a1
100019dc:	855a                	mv	a0,s6
100019de:	85d6                	mv	a1,s5
100019e0:	0ffff097          	auipc	ra,0xffff
100019e4:	340080e7          	jalr	832(ra) # 20000d20 <__divdf3>
100019e8:	862a                	mv	a2,a0
100019ea:	86ae                	mv	a3,a1
100019ec:	8552                	mv	a0,s4
100019ee:	85ce                	mv	a1,s3
100019f0:	0ffff097          	auipc	ra,0xffff
100019f4:	db2080e7          	jalr	-590(ra) # 200007a2 <__adddf3>
100019f8:	862a                	mv	a2,a0
100019fa:	86ae                	mv	a3,a1
100019fc:	856a                	mv	a0,s10
100019fe:	85e6                	mv	a1,s9
10001a00:	0ffff097          	auipc	ra,0xffff
10001a04:	320080e7          	jalr	800(ra) # 20000d20 <__divdf3>
10001a08:	100037b7          	lui	a5,0x10003
10001a0c:	1707a603          	lw	a2,368(a5) # 10003170 <pow10.0+0xc0>
10001a10:	1747a683          	lw	a3,372(a5)
10001a14:	0ffff097          	auipc	ra,0xffff
10001a18:	d8e080e7          	jalr	-626(ra) # 200007a2 <__adddf3>
10001a1c:	4701                	li	a4,0
10001a1e:	863a                	mv	a2,a4
10001a20:	86ca                	mv	a3,s2
10001a22:	10000097          	auipc	ra,0x10000
10001a26:	91a080e7          	jalr	-1766(ra) # 2000133c <__muldf3>
10001a2a:	892a                	mv	s2,a0
10001a2c:	89ae                	mv	s3,a1
10001a2e:	8aaa                	mv	s5,a0
10001a30:	8b2e                	mv	s6,a1
10001a32:	865e                	mv	a2,s7
10001a34:	86ee                	mv	a3,s11
10001a36:	0ffff097          	auipc	ra,0xffff
10001a3a:	79a080e7          	jalr	1946(ra) # 200011d0 <__gedf2>
10001a3e:	02a05363          	blez	a0,10001a64 <_etoa+0x2fc>
10001a42:	fffc0793          	addi	a5,s8,-1
10001a46:	8c3e                	mv	s8,a5
10001a48:	100037b7          	lui	a5,0x10003
10001a4c:	1607a603          	lw	a2,352(a5) # 10003160 <pow10.0+0xb0>
10001a50:	1647a683          	lw	a3,356(a5)
10001a54:	854a                	mv	a0,s2
10001a56:	85ce                	mv	a1,s3
10001a58:	0ffff097          	auipc	ra,0xffff
10001a5c:	2c8080e7          	jalr	712(ra) # 20000d20 <__divdf3>
10001a60:	8aaa                	mv	s5,a0
10001a62:	8b2e                	mv	s6,a1
10001a64:	063c0793          	addi	a5,s8,99
10001a68:	0c600713          	li	a4,198
10001a6c:	08f76c63          	bltu	a4,a5,10001b04 <_etoa+0x39c>
10001a70:	4911                	li	s2,4
10001a72:	4d06                	lw	s10,64(sp)
10001a74:	a825                	j	10001aac <_etoa+0x344>
10001a76:	57c6                	lw	a5,112(sp)
10001a78:	c03e                	sw	a5,0(sp)
10001a7a:	88a6                	mv	a7,s1
10001a7c:	5822                	lw	a6,40(sp)
10001a7e:	5602                	lw	a2,32(sp)
10001a80:	5692                	lw	a3,36(sp)
10001a82:	8732                	mv	a4,a2
10001a84:	87b6                	mv	a5,a3
10001a86:	46e2                	lw	a3,24(sp)
10001a88:	4672                	lw	a2,28(sp)
10001a8a:	45d2                	lw	a1,20(sp)
10001a8c:	8522                	mv	a0,s0
10001a8e:	2255                	jal	10001c32 <_ftoa>
10001a90:	50b6                	lw	ra,108(sp)
10001a92:	5426                	lw	s0,104(sp)
10001a94:	5496                	lw	s1,100(sp)
10001a96:	5906                	lw	s2,96(sp)
10001a98:	49f6                	lw	s3,92(sp)
10001a9a:	6165                	addi	sp,sp,112
10001a9c:	8082                	ret
10001a9e:	8bca                	mv	s7,s2
10001aa0:	69f99793          	binvi	a5,s3,0x1f
10001aa4:	8dbe                	mv	s11,a5
10001aa6:	bbb1                	j	10001802 <_etoa+0x9a>
10001aa8:	4c01                	li	s8,0
10001aaa:	4911                	li	s2,4
10001aac:	5746                	lw	a4,112(sp)
10001aae:	01471793          	slli	a5,a4,0x14
10001ab2:	0607d363          	bgez	a5,10001b18 <_etoa+0x3b0>
10001ab6:	016ae7b3          	or	a5,s5,s6
10001aba:	cf8d                	beqz	a5,10001af4 <_etoa+0x38c>
10001abc:	100037b7          	lui	a5,0x10003
10001ac0:	1787a603          	lw	a2,376(a5) # 10003178 <pow10.0+0xc8>
10001ac4:	17c7a683          	lw	a3,380(a5)
10001ac8:	855e                	mv	a0,s7
10001aca:	85ee                	mv	a1,s11
10001acc:	0ffff097          	auipc	ra,0xffff
10001ad0:	704080e7          	jalr	1796(ra) # 200011d0 <__gedf2>
10001ad4:	10054063          	bltz	a0,10001bd4 <_etoa+0x46c>
10001ad8:	100037b7          	lui	a5,0x10003
10001adc:	1807a603          	lw	a2,384(a5) # 10003180 <pow10.0+0xd0>
10001ae0:	1847a683          	lw	a3,388(a5)
10001ae4:	855e                	mv	a0,s7
10001ae6:	85ee                	mv	a1,s11
10001ae8:	0ffff097          	auipc	ra,0xffff
10001aec:	79e080e7          	jalr	1950(ra) # 20001286 <__ledf2>
10001af0:	0e055263          	bgez	a0,10001bd4 <_etoa+0x46c>
10001af4:	57a2                	lw	a5,40(sp)
10001af6:	00fc5a63          	bge	s8,a5,10001b0a <_etoa+0x3a2>
10001afa:	418787b3          	sub	a5,a5,s8
10001afe:	17fd                	addi	a5,a5,-1
10001b00:	d43e                	sw	a5,40(sp)
10001b02:	a029                	j	10001b0c <_etoa+0x3a4>
10001b04:	4915                	li	s2,5
10001b06:	4d06                	lw	s10,64(sp)
10001b08:	b755                	j	10001aac <_etoa+0x344>
10001b0a:	d402                	sw	zero,40(sp)
10001b0c:	57c6                	lw	a5,112(sp)
10001b0e:	4007e793          	ori	a5,a5,1024
10001b12:	d8be                	sw	a5,112(sp)
10001b14:	4901                	li	s2,0
10001b16:	4c01                	li	s8,0
10001b18:	0c997663          	bgeu	s2,s1,10001be4 <_etoa+0x47c>
10001b1c:	412487b3          	sub	a5,s1,s2
10001b20:	89be                	mv	s3,a5
10001b22:	57c6                	lw	a5,112(sp)
10001b24:	8b89                	andi	a5,a5,2
10001b26:	8cbe                	mv	s9,a5
10001b28:	c781                	beqz	a5,10001b30 <_etoa+0x3c8>
10001b2a:	00090363          	beqz	s2,10001b30 <_etoa+0x3c8>
10001b2e:	4981                	li	s3,0
10001b30:	000c0c63          	beqz	s8,10001b48 <_etoa+0x3e0>
10001b34:	8656                	mv	a2,s5
10001b36:	86da                	mv	a3,s6
10001b38:	855e                	mv	a0,s7
10001b3a:	85ee                	mv	a1,s11
10001b3c:	0ffff097          	auipc	ra,0xffff
10001b40:	1e4080e7          	jalr	484(ra) # 20000d20 <__divdf3>
10001b44:	8baa                	mv	s7,a0
10001b46:	8dae                	mv	s11,a1
10001b48:	4601                	li	a2,0
10001b4a:	4681                	li	a3,0
10001b4c:	5702                	lw	a4,32(sp)
10001b4e:	5792                	lw	a5,36(sp)
10001b50:	853a                	mv	a0,a4
10001b52:	85be                	mv	a1,a5
10001b54:	0ffff097          	auipc	ra,0xffff
10001b58:	732080e7          	jalr	1842(ra) # 20001286 <__ledf2>
10001b5c:	08054663          	bltz	a0,10001be8 <_etoa+0x480>
10001b60:	57c6                	lw	a5,112(sp)
10001b62:	48b79793          	bclri	a5,a5,0xb
10001b66:	c03e                	sw	a5,0(sp)
10001b68:	88ce                	mv	a7,s3
10001b6a:	5822                	lw	a6,40(sp)
10001b6c:	875e                	mv	a4,s7
10001b6e:	87ee                	mv	a5,s11
10001b70:	46e2                	lw	a3,24(sp)
10001b72:	4672                	lw	a2,28(sp)
10001b74:	45d2                	lw	a1,20(sp)
10001b76:	8522                	mv	a0,s0
10001b78:	286d                	jal	10001c32 <_ftoa>
10001b7a:	0a090463          	beqz	s2,10001c22 <_etoa+0x4ba>
10001b7e:	57c6                	lw	a5,112(sp)
10001b80:	0207f793          	andi	a5,a5,32
10001b84:	c7b5                	beqz	a5,10001bf0 <_etoa+0x488>
10001b86:	04500793          	li	a5,69
10001b8a:	00150713          	addi	a4,a0,1
10001b8e:	8aba                	mv	s5,a4
10001b90:	4a62                	lw	s4,24(sp)
10001b92:	86d2                	mv	a3,s4
10001b94:	862a                	mv	a2,a0
10001b96:	49d2                	lw	s3,20(sp)
10001b98:	85ce                	mv	a1,s3
10001b9a:	853e                	mv	a0,a5
10001b9c:	9402                	jalr	s0
10001b9e:	41800733          	neg	a4,s8
10001ba2:	4795                	li	a5,5
10001ba4:	c23e                	sw	a5,4(sp)
10001ba6:	197d                	addi	s2,s2,-1
10001ba8:	c04a                	sw	s2,0(sp)
10001baa:	4881                	li	a7,0
10001bac:	4829                	li	a6,10
10001bae:	01fc5793          	srli	a5,s8,0x1f
10001bb2:	0aec6733          	max	a4,s8,a4
10001bb6:	86d2                	mv	a3,s4
10001bb8:	8656                	mv	a2,s5
10001bba:	85ce                	mv	a1,s3
10001bbc:	8522                	mv	a0,s0
10001bbe:	3c29                	jal	100015d8 <_ntoa_long>
10001bc0:	040c9463          	bnez	s9,10001c08 <_etoa+0x4a0>
10001bc4:	4a66                	lw	s4,88(sp)
10001bc6:	4ad6                	lw	s5,84(sp)
10001bc8:	4b46                	lw	s6,80(sp)
10001bca:	4bb6                	lw	s7,76(sp)
10001bcc:	4c26                	lw	s8,72(sp)
10001bce:	4c96                	lw	s9,68(sp)
10001bd0:	5df2                	lw	s11,60(sp)
10001bd2:	bd7d                	j	10001a90 <_etoa+0x328>
10001bd4:	57a2                	lw	a5,40(sp)
10001bd6:	d3a9                	beqz	a5,10001b18 <_etoa+0x3b0>
10001bd8:	57b2                	lw	a5,44(sp)
10001bda:	df9d                	beqz	a5,10001b18 <_etoa+0x3b0>
10001bdc:	57a2                	lw	a5,40(sp)
10001bde:	17fd                	addi	a5,a5,-1
10001be0:	d43e                	sw	a5,40(sp)
10001be2:	bf1d                	j	10001b18 <_etoa+0x3b0>
10001be4:	4981                	li	s3,0
10001be6:	bf35                	j	10001b22 <_etoa+0x3ba>
10001be8:	69fd9793          	binvi	a5,s11,0x1f
10001bec:	8dbe                	mv	s11,a5
10001bee:	bf8d                	j	10001b60 <_etoa+0x3f8>
10001bf0:	06500793          	li	a5,101
10001bf4:	bf59                	j	10001b8a <_etoa+0x422>
10001bf6:	00150913          	addi	s2,a0,1
10001bfa:	46e2                	lw	a3,24(sp)
10001bfc:	862a                	mv	a2,a0
10001bfe:	45d2                	lw	a1,20(sp)
10001c00:	02000513          	li	a0,32
10001c04:	9402                	jalr	s0
10001c06:	854a                	mv	a0,s2
10001c08:	47f2                	lw	a5,28(sp)
10001c0a:	40f507b3          	sub	a5,a0,a5
10001c0e:	fe97e4e3          	bltu	a5,s1,10001bf6 <_etoa+0x48e>
10001c12:	4a66                	lw	s4,88(sp)
10001c14:	4ad6                	lw	s5,84(sp)
10001c16:	4b46                	lw	s6,80(sp)
10001c18:	4bb6                	lw	s7,76(sp)
10001c1a:	4c26                	lw	s8,72(sp)
10001c1c:	4c96                	lw	s9,68(sp)
10001c1e:	5df2                	lw	s11,60(sp)
10001c20:	bd85                	j	10001a90 <_etoa+0x328>
10001c22:	4a66                	lw	s4,88(sp)
10001c24:	4ad6                	lw	s5,84(sp)
10001c26:	4b46                	lw	s6,80(sp)
10001c28:	4bb6                	lw	s7,76(sp)
10001c2a:	4c26                	lw	s8,72(sp)
10001c2c:	4c96                	lw	s9,68(sp)
10001c2e:	5df2                	lw	s11,60(sp)
10001c30:	b585                	j	10001a90 <_etoa+0x328>

10001c32 <_ftoa>:
10001c32:	7119                	addi	sp,sp,-128
10001c34:	de86                	sw	ra,124(sp)
10001c36:	daa6                	sw	s1,116(sp)
10001c38:	cce2                	sw	s8,88(sp)
10001c3a:	cae6                	sw	s9,84(sp)
10001c3c:	c8ea                	sw	s10,80(sp)
10001c3e:	c6ee                	sw	s11,76(sp)
10001c40:	8daa                	mv	s11,a0
10001c42:	c82e                	sw	a1,16(sp)
10001c44:	ca32                	sw	a2,20(sp)
10001c46:	cc36                	sw	a3,24(sp)
10001c48:	8c3a                	mv	s8,a4
10001c4a:	8cbe                	mv	s9,a5
10001c4c:	84c2                	mv	s1,a6
10001c4e:	8d46                	mv	s10,a7
10001c50:	863a                	mv	a2,a4
10001c52:	86be                	mv	a3,a5
10001c54:	853a                	mv	a0,a4
10001c56:	85be                	mv	a1,a5
10001c58:	10000097          	auipc	ra,0x10000
10001c5c:	082080e7          	jalr	130(ra) # 20001cda <__unorddf2>
10001c60:	e155                	bnez	a0,10001d04 <_ftoa+0xd2>
10001c62:	100037b7          	lui	a5,0x10003
10001c66:	1087a603          	lw	a2,264(a5) # 10003108 <pow10.0+0x58>
10001c6a:	10c7a683          	lw	a3,268(a5)
10001c6e:	8562                	mv	a0,s8
10001c70:	85e6                	mv	a1,s9
10001c72:	0ffff097          	auipc	ra,0xffff
10001c76:	614080e7          	jalr	1556(ra) # 20001286 <__ledf2>
10001c7a:	0a054363          	bltz	a0,10001d20 <_ftoa+0xee>
10001c7e:	100037b7          	lui	a5,0x10003
10001c82:	1007a603          	lw	a2,256(a5) # 10003100 <pow10.0+0x50>
10001c86:	1047a683          	lw	a3,260(a5)
10001c8a:	8562                	mv	a0,s8
10001c8c:	85e6                	mv	a1,s9
10001c8e:	0ffff097          	auipc	ra,0xffff
10001c92:	542080e7          	jalr	1346(ra) # 200011d0 <__gedf2>
10001c96:	0aa04363          	bgtz	a0,10001d3c <_ftoa+0x10a>
10001c9a:	dca2                	sw	s0,120(sp)
10001c9c:	d8ca                	sw	s2,112(sp)
10001c9e:	100037b7          	lui	a5,0x10003
10001ca2:	1887a603          	lw	a2,392(a5) # 10003188 <pow10.0+0xd8>
10001ca6:	18c7a683          	lw	a3,396(a5)
10001caa:	8562                	mv	a0,s8
10001cac:	85e6                	mv	a1,s9
10001cae:	0ffff097          	auipc	ra,0xffff
10001cb2:	522080e7          	jalr	1314(ra) # 200011d0 <__gedf2>
10001cb6:	0aa04a63          	bgtz	a0,10001d6a <_ftoa+0x138>
10001cba:	100037b7          	lui	a5,0x10003
10001cbe:	1907a603          	lw	a2,400(a5) # 10003190 <pow10.0+0xe0>
10001cc2:	1947a683          	lw	a3,404(a5)
10001cc6:	8562                	mv	a0,s8
10001cc8:	85e6                	mv	a1,s9
10001cca:	0ffff097          	auipc	ra,0xffff
10001cce:	5bc080e7          	jalr	1468(ra) # 20001286 <__ledf2>
10001cd2:	08054c63          	bltz	a0,10001d6a <_ftoa+0x138>
10001cd6:	d6ce                	sw	s3,108(sp)
10001cd8:	d4d2                	sw	s4,104(sp)
10001cda:	d2d6                	sw	s5,100(sp)
10001cdc:	d0da                	sw	s6,96(sp)
10001cde:	cede                	sw	s7,92(sp)
10001ce0:	4601                	li	a2,0
10001ce2:	4681                	li	a3,0
10001ce4:	8562                	mv	a0,s8
10001ce6:	85e6                	mv	a1,s9
10001ce8:	0ffff097          	auipc	ra,0xffff
10001cec:	59e080e7          	jalr	1438(ra) # 20001286 <__ledf2>
10001cf0:	08054c63          	bltz	a0,10001d88 <_ftoa+0x156>
10001cf4:	ce02                	sw	zero,28(sp)
10001cf6:	478a                	lw	a5,128(sp)
10001cf8:	4007f793          	andi	a5,a5,1024
10001cfc:	1c078b63          	beqz	a5,10001ed2 <_ftoa+0x2a0>
10001d00:	4401                	li	s0,0
10001d02:	a855                	j	10001db6 <_ftoa+0x184>
10001d04:	488a                	lw	a7,128(sp)
10001d06:	886a                	mv	a6,s10
10001d08:	478d                	li	a5,3
10001d0a:	10003737          	lui	a4,0x10003
10001d0e:	f7c70713          	addi	a4,a4,-132 # 10002f7c <__EH_FRAME_BEGIN__+0x3f4>
10001d12:	46e2                	lw	a3,24(sp)
10001d14:	4652                	lw	a2,20(sp)
10001d16:	45c2                	lw	a1,16(sp)
10001d18:	856e                	mv	a0,s11
10001d1a:	e9eff0ef          	jal	100013b8 <_out_rev>
10001d1e:	a615                	j	10002042 <_ftoa+0x410>
10001d20:	488a                	lw	a7,128(sp)
10001d22:	886a                	mv	a6,s10
10001d24:	4791                	li	a5,4
10001d26:	10003737          	lui	a4,0x10003
10001d2a:	f8070713          	addi	a4,a4,-128 # 10002f80 <__EH_FRAME_BEGIN__+0x3f8>
10001d2e:	46e2                	lw	a3,24(sp)
10001d30:	4652                	lw	a2,20(sp)
10001d32:	45c2                	lw	a1,16(sp)
10001d34:	856e                	mv	a0,s11
10001d36:	e82ff0ef          	jal	100013b8 <_out_rev>
10001d3a:	a621                	j	10002042 <_ftoa+0x410>
10001d3c:	478a                	lw	a5,128(sp)
10001d3e:	8b91                	andi	a5,a5,4
10001d40:	cf99                	beqz	a5,10001d5e <_ftoa+0x12c>
10001d42:	10003737          	lui	a4,0x10003
10001d46:	f7070713          	addi	a4,a4,-144 # 10002f70 <__EH_FRAME_BEGIN__+0x3e8>
10001d4a:	4791                	li	a5,4
10001d4c:	488a                	lw	a7,128(sp)
10001d4e:	886a                	mv	a6,s10
10001d50:	46e2                	lw	a3,24(sp)
10001d52:	4652                	lw	a2,20(sp)
10001d54:	45c2                	lw	a1,16(sp)
10001d56:	856e                	mv	a0,s11
10001d58:	e60ff0ef          	jal	100013b8 <_out_rev>
10001d5c:	a4dd                	j	10002042 <_ftoa+0x410>
10001d5e:	10003737          	lui	a4,0x10003
10001d62:	f7870713          	addi	a4,a4,-136 # 10002f78 <__EH_FRAME_BEGIN__+0x3f0>
10001d66:	478d                	li	a5,3
10001d68:	b7d5                	j	10001d4c <_ftoa+0x11a>
10001d6a:	478a                	lw	a5,128(sp)
10001d6c:	c03e                	sw	a5,0(sp)
10001d6e:	88ea                	mv	a7,s10
10001d70:	8826                	mv	a6,s1
10001d72:	8762                	mv	a4,s8
10001d74:	87e6                	mv	a5,s9
10001d76:	46e2                	lw	a3,24(sp)
10001d78:	4652                	lw	a2,20(sp)
10001d7a:	45c2                	lw	a1,16(sp)
10001d7c:	856e                	mv	a0,s11
10001d7e:	9ebff0ef          	jal	10001768 <_etoa>
10001d82:	5466                	lw	s0,120(sp)
10001d84:	5946                	lw	s2,112(sp)
10001d86:	ac75                	j	10002042 <_ftoa+0x410>
10001d88:	8662                	mv	a2,s8
10001d8a:	86e6                	mv	a3,s9
10001d8c:	4501                	li	a0,0
10001d8e:	4581                	li	a1,0
10001d90:	10000097          	auipc	ra,0x10000
10001d94:	9b8080e7          	jalr	-1608(ra) # 20001748 <__subdf3>
10001d98:	8c2a                	mv	s8,a0
10001d9a:	8cae                	mv	s9,a1
10001d9c:	4785                	li	a5,1
10001d9e:	ce3e                	sw	a5,28(sp)
10001da0:	bf99                	j	10001cf6 <_ftoa+0xc4>
10001da2:	03040793          	addi	a5,s0,48
10001da6:	0818                	addi	a4,sp,16
10001da8:	97ba                	add	a5,a5,a4
10001daa:	03000713          	li	a4,48
10001dae:	fee78023          	sb	a4,-32(a5)
10001db2:	14fd                	addi	s1,s1,-1 # 1ffffff <HeapSize+0x1fff7ff>
10001db4:	0405                	addi	s0,s0,1
10001db6:	02043793          	sltiu	a5,s0,32
10001dba:	00a4b713          	sltiu	a4,s1,10
10001dbe:	00174713          	xori	a4,a4,1
10001dc2:	c391                	beqz	a5,10001dc6 <_ftoa+0x194>
10001dc4:	ff79                	bnez	a4,10001da2 <_ftoa+0x170>
10001dc6:	8562                	mv	a0,s8
10001dc8:	85e6                	mv	a1,s9
10001dca:	10000097          	auipc	ra,0x10000
10001dce:	f44080e7          	jalr	-188(ra) # 20001d0e <__fixdfsi>
10001dd2:	892a                	mv	s2,a0
10001dd4:	10000097          	auipc	ra,0x10000
10001dd8:	ff8080e7          	jalr	-8(ra) # 20001dcc <__floatsidf>
10001ddc:	862a                	mv	a2,a0
10001dde:	86ae                	mv	a3,a1
10001de0:	8562                	mv	a0,s8
10001de2:	85e6                	mv	a1,s9
10001de4:	10000097          	auipc	ra,0x10000
10001de8:	964080e7          	jalr	-1692(ra) # 20001748 <__subdf3>
10001dec:	100037b7          	lui	a5,0x10003
10001df0:	0b078793          	addi	a5,a5,176 # 100030b0 <pow10.0>
10001df4:	20f4e7b3          	sh3add	a5,s1,a5
10001df8:	0047a803          	lw	a6,4(a5)
10001dfc:	439c                	lw	a5,0(a5)
10001dfe:	8a3e                	mv	s4,a5
10001e00:	8ac2                	mv	s5,a6
10001e02:	863e                	mv	a2,a5
10001e04:	86c2                	mv	a3,a6
10001e06:	0ffff097          	auipc	ra,0xffff
10001e0a:	536080e7          	jalr	1334(ra) # 2000133c <__muldf3>
10001e0e:	8baa                	mv	s7,a0
10001e10:	8b2e                	mv	s6,a1
10001e12:	10000097          	auipc	ra,0x10000
10001e16:	f5c080e7          	jalr	-164(ra) # 20001d6e <__fixunsdfsi>
10001e1a:	89aa                	mv	s3,a0
10001e1c:	10000097          	auipc	ra,0x10000
10001e20:	000080e7          	jalr	ra # 20001e1c <__floatunsidf>
10001e24:	862a                	mv	a2,a0
10001e26:	86ae                	mv	a3,a1
10001e28:	855e                	mv	a0,s7
10001e2a:	85da                	mv	a1,s6
10001e2c:	10000097          	auipc	ra,0x10000
10001e30:	91c080e7          	jalr	-1764(ra) # 20001748 <__subdf3>
10001e34:	8b2a                	mv	s6,a0
10001e36:	8bae                	mv	s7,a1
10001e38:	100037b7          	lui	a5,0x10003
10001e3c:	1387a603          	lw	a2,312(a5) # 10003138 <pow10.0+0x88>
10001e40:	13c7a683          	lw	a3,316(a5)
10001e44:	0ffff097          	auipc	ra,0xffff
10001e48:	38c080e7          	jalr	908(ra) # 200011d0 <__gedf2>
10001e4c:	08a05563          	blez	a0,10001ed6 <_ftoa+0x2a4>
10001e50:	0985                	addi	s3,s3,1
10001e52:	854e                	mv	a0,s3
10001e54:	10000097          	auipc	ra,0x10000
10001e58:	fc8080e7          	jalr	-56(ra) # 20001e1c <__floatunsidf>
10001e5c:	862a                	mv	a2,a0
10001e5e:	86ae                	mv	a3,a1
10001e60:	8552                	mv	a0,s4
10001e62:	85d6                	mv	a1,s5
10001e64:	0ffff097          	auipc	ra,0xffff
10001e68:	422080e7          	jalr	1058(ra) # 20001286 <__ledf2>
10001e6c:	00a04463          	bgtz	a0,10001e74 <_ftoa+0x242>
10001e70:	0905                	addi	s2,s2,1
10001e72:	4981                	li	s3,0
10001e74:	e4d1                	bnez	s1,10001f00 <_ftoa+0x2ce>
10001e76:	854a                	mv	a0,s2
10001e78:	10000097          	auipc	ra,0x10000
10001e7c:	f54080e7          	jalr	-172(ra) # 20001dcc <__floatsidf>
10001e80:	862a                	mv	a2,a0
10001e82:	86ae                	mv	a3,a1
10001e84:	8562                	mv	a0,s8
10001e86:	85e6                	mv	a1,s9
10001e88:	10000097          	auipc	ra,0x10000
10001e8c:	8c0080e7          	jalr	-1856(ra) # 20001748 <__subdf3>
10001e90:	89aa                	mv	s3,a0
10001e92:	84ae                	mv	s1,a1
10001e94:	100037b7          	lui	a5,0x10003
10001e98:	1387a603          	lw	a2,312(a5) # 10003138 <pow10.0+0x88>
10001e9c:	13c7a683          	lw	a3,316(a5)
10001ea0:	0ffff097          	auipc	ra,0xffff
10001ea4:	3e6080e7          	jalr	998(ra) # 20001286 <__ledf2>
10001ea8:	0c054a63          	bltz	a0,10001f7c <_ftoa+0x34a>
10001eac:	100037b7          	lui	a5,0x10003
10001eb0:	1387a603          	lw	a2,312(a5) # 10003138 <pow10.0+0x88>
10001eb4:	13c7a683          	lw	a3,316(a5)
10001eb8:	854e                	mv	a0,s3
10001eba:	85a6                	mv	a1,s1
10001ebc:	0ffff097          	auipc	ra,0xffff
10001ec0:	314080e7          	jalr	788(ra) # 200011d0 <__gedf2>
10001ec4:	0aa04c63          	bgtz	a0,10001f7c <_ftoa+0x34a>
10001ec8:	00197793          	andi	a5,s2,1
10001ecc:	cbc5                	beqz	a5,10001f7c <_ftoa+0x34a>
10001ece:	0905                	addi	s2,s2,1
10001ed0:	a075                	j	10001f7c <_ftoa+0x34a>
10001ed2:	4499                	li	s1,6
10001ed4:	b535                	j	10001d00 <_ftoa+0xce>
10001ed6:	100037b7          	lui	a5,0x10003
10001eda:	1387a603          	lw	a2,312(a5) # 10003138 <pow10.0+0x88>
10001ede:	13c7a683          	lw	a3,316(a5)
10001ee2:	855a                	mv	a0,s6
10001ee4:	85de                	mv	a1,s7
10001ee6:	0ffff097          	auipc	ra,0xffff
10001eea:	3a0080e7          	jalr	928(ra) # 20001286 <__ledf2>
10001eee:	f80543e3          	bltz	a0,10001e74 <_ftoa+0x242>
10001ef2:	00098563          	beqz	s3,10001efc <_ftoa+0x2ca>
10001ef6:	0019f793          	andi	a5,s3,1
10001efa:	dfad                	beqz	a5,10001e74 <_ftoa+0x242>
10001efc:	0985                	addi	s3,s3,1
10001efe:	bf9d                	j	10001e74 <_ftoa+0x242>
10001f00:	47fd                	li	a5,31
10001f02:	0487eb63          	bltu	a5,s0,10001f58 <_ftoa+0x326>
10001f06:	14fd                	addi	s1,s1,-1
10001f08:	ccccd7b7          	lui	a5,0xccccd
10001f0c:	ccd78793          	addi	a5,a5,-819 # cccccccd <__StackTop+0xacc4accd>
10001f10:	02f9b7b3          	mulhu	a5,s3,a5
10001f14:	838d                	srli	a5,a5,0x3
10001f16:	86be                	mv	a3,a5
10001f18:	20f7c7b3          	sh2add	a5,a5,a5
10001f1c:	0786                	slli	a5,a5,0x1
10001f1e:	40f987b3          	sub	a5,s3,a5
10001f22:	00140713          	addi	a4,s0,1
10001f26:	03078793          	addi	a5,a5,48
10001f2a:	03040613          	addi	a2,s0,48
10001f2e:	080c                	addi	a1,sp,16
10001f30:	00b60433          	add	s0,a2,a1
10001f34:	fef40023          	sb	a5,-32(s0)
10001f38:	47a5                	li	a5,9
10001f3a:	0937f363          	bgeu	a5,s3,10001fc0 <_ftoa+0x38e>
10001f3e:	89b6                	mv	s3,a3
10001f40:	843a                	mv	s0,a4
10001f42:	bf7d                	j	10001f00 <_ftoa+0x2ce>
10001f44:	03040713          	addi	a4,s0,48
10001f48:	0814                	addi	a3,sp,16
10001f4a:	9736                	add	a4,a4,a3
10001f4c:	03000693          	li	a3,48
10001f50:	fed70023          	sb	a3,-32(a4)
10001f54:	84be                	mv	s1,a5
10001f56:	0405                	addi	s0,s0,1
10001f58:	47fd                	li	a5,31
10001f5a:	0087e563          	bltu	a5,s0,10001f64 <_ftoa+0x332>
10001f5e:	fff48793          	addi	a5,s1,-1
10001f62:	f0ed                	bnez	s1,10001f44 <_ftoa+0x312>
10001f64:	47fd                	li	a5,31
10001f66:	0087eb63          	bltu	a5,s0,10001f7c <_ftoa+0x34a>
10001f6a:	03040793          	addi	a5,s0,48
10001f6e:	0818                	addi	a4,sp,16
10001f70:	97ba                	add	a5,a5,a4
10001f72:	02e00713          	li	a4,46
10001f76:	fee78023          	sb	a4,-32(a5)
10001f7a:	0405                	addi	s0,s0,1
10001f7c:	47fd                	li	a5,31
10001f7e:	0487e463          	bltu	a5,s0,10001fc6 <_ftoa+0x394>
10001f82:	666667b7          	lui	a5,0x66666
10001f86:	66778793          	addi	a5,a5,1639 # 66666667 <__StackTop+0x465e4667>
10001f8a:	02f917b3          	mulh	a5,s2,a5
10001f8e:	8789                	srai	a5,a5,0x2
10001f90:	41f95713          	srai	a4,s2,0x1f
10001f94:	8f99                	sub	a5,a5,a4
10001f96:	86be                	mv	a3,a5
10001f98:	20f7c7b3          	sh2add	a5,a5,a5
10001f9c:	0786                	slli	a5,a5,0x1
10001f9e:	40f907b3          	sub	a5,s2,a5
10001fa2:	00140713          	addi	a4,s0,1
10001fa6:	03078793          	addi	a5,a5,48
10001faa:	03040613          	addi	a2,s0,48
10001fae:	080c                	addi	a1,sp,16
10001fb0:	00b60433          	add	s0,a2,a1
10001fb4:	fef40023          	sb	a5,-32(s0)
10001fb8:	8936                	mv	s2,a3
10001fba:	c689                	beqz	a3,10001fc4 <_ftoa+0x392>
10001fbc:	843a                	mv	s0,a4
10001fbe:	bf7d                	j	10001f7c <_ftoa+0x34a>
10001fc0:	843a                	mv	s0,a4
10001fc2:	bf59                	j	10001f58 <_ftoa+0x326>
10001fc4:	843a                	mv	s0,a4
10001fc6:	478a                	lw	a5,128(sp)
10001fc8:	8b89                	andi	a5,a5,2
10001fca:	ef8d                	bnez	a5,10002004 <_ftoa+0x3d2>
10001fcc:	478a                	lw	a5,128(sp)
10001fce:	8b85                	andi	a5,a5,1
10001fd0:	cb95                	beqz	a5,10002004 <_ftoa+0x3d2>
10001fd2:	020d0463          	beqz	s10,10001ffa <_ftoa+0x3c8>
10001fd6:	47f2                	lw	a5,28(sp)
10001fd8:	e781                	bnez	a5,10001fe0 <_ftoa+0x3ae>
10001fda:	478a                	lw	a5,128(sp)
10001fdc:	8bb1                	andi	a5,a5,12
10001fde:	cf91                	beqz	a5,10001ffa <_ftoa+0x3c8>
10001fe0:	fffd0793          	addi	a5,s10,-1
10001fe4:	8d3e                	mv	s10,a5
10001fe6:	a811                	j	10001ffa <_ftoa+0x3c8>
10001fe8:	03040793          	addi	a5,s0,48
10001fec:	0818                	addi	a4,sp,16
10001fee:	97ba                	add	a5,a5,a4
10001ff0:	03000713          	li	a4,48
10001ff4:	fee78023          	sb	a4,-32(a5)
10001ff8:	0405                	addi	s0,s0,1
10001ffa:	02043793          	sltiu	a5,s0,32
10001ffe:	01a47363          	bgeu	s0,s10,10002004 <_ftoa+0x3d2>
10002002:	f3fd                	bnez	a5,10001fe8 <_ftoa+0x3b6>
10002004:	47fd                	li	a5,31
10002006:	0087ed63          	bltu	a5,s0,10002020 <_ftoa+0x3ee>
1000200a:	47f2                	lw	a5,28(sp)
1000200c:	c3b9                	beqz	a5,10002052 <_ftoa+0x420>
1000200e:	03040793          	addi	a5,s0,48
10002012:	0818                	addi	a4,sp,16
10002014:	97ba                	add	a5,a5,a4
10002016:	02d00713          	li	a4,45
1000201a:	fee78023          	sb	a4,-32(a5)
1000201e:	0405                	addi	s0,s0,1
10002020:	488a                	lw	a7,128(sp)
10002022:	886a                	mv	a6,s10
10002024:	87a2                	mv	a5,s0
10002026:	1018                	addi	a4,sp,32
10002028:	46e2                	lw	a3,24(sp)
1000202a:	4652                	lw	a2,20(sp)
1000202c:	45c2                	lw	a1,16(sp)
1000202e:	856e                	mv	a0,s11
10002030:	b88ff0ef          	jal	100013b8 <_out_rev>
10002034:	5466                	lw	s0,120(sp)
10002036:	5946                	lw	s2,112(sp)
10002038:	59b6                	lw	s3,108(sp)
1000203a:	5a26                	lw	s4,104(sp)
1000203c:	5a96                	lw	s5,100(sp)
1000203e:	5b06                	lw	s6,96(sp)
10002040:	4bf6                	lw	s7,92(sp)
10002042:	50f6                	lw	ra,124(sp)
10002044:	54d6                	lw	s1,116(sp)
10002046:	4c66                	lw	s8,88(sp)
10002048:	4cd6                	lw	s9,84(sp)
1000204a:	4d46                	lw	s10,80(sp)
1000204c:	4db6                	lw	s11,76(sp)
1000204e:	6109                	addi	sp,sp,128
10002050:	8082                	ret
10002052:	478a                	lw	a5,128(sp)
10002054:	8b91                	andi	a5,a5,4
10002056:	cb99                	beqz	a5,1000206c <_ftoa+0x43a>
10002058:	03040793          	addi	a5,s0,48
1000205c:	0818                	addi	a4,sp,16
1000205e:	97ba                	add	a5,a5,a4
10002060:	02b00713          	li	a4,43
10002064:	fee78023          	sb	a4,-32(a5)
10002068:	0405                	addi	s0,s0,1
1000206a:	bf5d                	j	10002020 <_ftoa+0x3ee>
1000206c:	478a                	lw	a5,128(sp)
1000206e:	8ba1                	andi	a5,a5,8
10002070:	dbc5                	beqz	a5,10002020 <_ftoa+0x3ee>
10002072:	03040793          	addi	a5,s0,48
10002076:	0818                	addi	a4,sp,16
10002078:	97ba                	add	a5,a5,a4
1000207a:	02000713          	li	a4,32
1000207e:	fee78023          	sb	a4,-32(a5)
10002082:	0405                	addi	s0,s0,1
10002084:	bf71                	j	10002020 <_ftoa+0x3ee>

10002086 <_vsnprintf>:
10002086:	711d                	addi	sp,sp,-96
10002088:	ce86                	sw	ra,92(sp)
1000208a:	cca2                	sw	s0,88(sp)
1000208c:	caa6                	sw	s1,84(sp)
1000208e:	c8ca                	sw	s2,80(sp)
10002090:	c6ce                	sw	s3,76(sp)
10002092:	c4d2                	sw	s4,72(sp)
10002094:	c2d6                	sw	s5,68(sp)
10002096:	c0da                	sw	s6,64(sp)
10002098:	8a2a                	mv	s4,a0
1000209a:	89ae                	mv	s3,a1
1000209c:	8932                	mv	s2,a2
1000209e:	ce36                	sw	a3,28(sp)
100020a0:	cc3a                	sw	a4,24(sp)
100020a2:	68058363          	beqz	a1,10002728 <_vsnprintf+0x6a2>
100020a6:	4481                	li	s1,0
100020a8:	47f2                	lw	a5,28(sp)
100020aa:	8388                	lbu	a0,0(a5)
100020ac:	68050363          	beqz	a0,10002732 <_vsnprintf+0x6ac>
100020b0:	02500713          	li	a4,37
100020b4:	00e50d63          	beq	a0,a4,100020ce <_vsnprintf+0x48>
100020b8:	00148413          	addi	s0,s1,1
100020bc:	86ca                	mv	a3,s2
100020be:	8626                	mv	a2,s1
100020c0:	85ce                	mv	a1,s3
100020c2:	9a02                	jalr	s4
100020c4:	47f2                	lw	a5,28(sp)
100020c6:	0785                	addi	a5,a5,1
100020c8:	ce3e                	sw	a5,28(sp)
100020ca:	84a2                	mv	s1,s0
100020cc:	bff1                	j	100020a8 <_vsnprintf+0x22>
100020ce:	0785                	addi	a5,a5,1
100020d0:	ce3e                	sw	a5,28(sp)
100020d2:	4401                	li	s0,0
100020d4:	a805                	j	10002104 <_vsnprintf+0x7e>
100020d6:	02000693          	li	a3,32
100020da:	06d70163          	beq	a4,a3,1000213c <_vsnprintf+0xb6>
100020de:	02300693          	li	a3,35
100020e2:	00d71863          	bne	a4,a3,100020f2 <_vsnprintf+0x6c>
100020e6:	01046413          	ori	s0,s0,16
100020ea:	0785                	addi	a5,a5,1
100020ec:	ce3e                	sw	a5,28(sp)
100020ee:	4a85                	li	s5,1
100020f0:	a801                	j	10002100 <_vsnprintf+0x7a>
100020f2:	4a81                	li	s5,0
100020f4:	a031                	j	10002100 <_vsnprintf+0x7a>
100020f6:	00246413          	ori	s0,s0,2
100020fa:	0785                	addi	a5,a5,1
100020fc:	ce3e                	sw	a5,28(sp)
100020fe:	4a85                	li	s5,1
10002100:	040a8663          	beqz	s5,1000214c <_vsnprintf+0xc6>
10002104:	47f2                	lw	a5,28(sp)
10002106:	8398                	lbu	a4,0(a5)
10002108:	02b00693          	li	a3,43
1000210c:	02d70263          	beq	a4,a3,10002130 <_vsnprintf+0xaa>
10002110:	fce6f3e3          	bgeu	a3,a4,100020d6 <_vsnprintf+0x50>
10002114:	02d00693          	li	a3,45
10002118:	fcd70fe3          	beq	a4,a3,100020f6 <_vsnprintf+0x70>
1000211c:	03000693          	li	a3,48
10002120:	02d71463          	bne	a4,a3,10002148 <_vsnprintf+0xc2>
10002124:	00146413          	ori	s0,s0,1
10002128:	0785                	addi	a5,a5,1
1000212a:	ce3e                	sw	a5,28(sp)
1000212c:	4a85                	li	s5,1
1000212e:	bfc9                	j	10002100 <_vsnprintf+0x7a>
10002130:	00446413          	ori	s0,s0,4
10002134:	0785                	addi	a5,a5,1
10002136:	ce3e                	sw	a5,28(sp)
10002138:	4a85                	li	s5,1
1000213a:	b7d9                	j	10002100 <_vsnprintf+0x7a>
1000213c:	00846413          	ori	s0,s0,8
10002140:	0785                	addi	a5,a5,1
10002142:	ce3e                	sw	a5,28(sp)
10002144:	4a85                	li	s5,1
10002146:	bf6d                	j	10002100 <_vsnprintf+0x7a>
10002148:	4a81                	li	s5,0
1000214a:	bf5d                	j	10002100 <_vsnprintf+0x7a>
1000214c:	47f2                	lw	a5,28(sp)
1000214e:	8398                	lbu	a4,0(a5)
10002150:	fd070793          	addi	a5,a4,-48
10002154:	9fe1                	zext.b	a5,a5
10002156:	46a5                	li	a3,9
10002158:	04f6f263          	bgeu	a3,a5,1000219c <_vsnprintf+0x116>
1000215c:	02a00793          	li	a5,42
10002160:	04f70363          	beq	a4,a5,100021a6 <_vsnprintf+0x120>
10002164:	8b56                	mv	s6,s5
10002166:	47f2                	lw	a5,28(sp)
10002168:	8394                	lbu	a3,0(a5)
1000216a:	02e00713          	li	a4,46
1000216e:	04e68d63          	beq	a3,a4,100021c8 <_vsnprintf+0x142>
10002172:	47f2                	lw	a5,28(sp)
10002174:	8398                	lbu	a4,0(a5)
10002176:	06c00693          	li	a3,108
1000217a:	0ad70563          	beq	a4,a3,10002224 <_vsnprintf+0x19e>
1000217e:	08e6f663          	bgeu	a3,a4,1000220a <_vsnprintf+0x184>
10002182:	07400693          	li	a3,116
10002186:	0ed70163          	beq	a4,a3,10002268 <_vsnprintf+0x1e2>
1000218a:	07a00693          	li	a3,122
1000218e:	0ed71163          	bne	a4,a3,10002270 <_vsnprintf+0x1ea>
10002192:	10046413          	ori	s0,s0,256
10002196:	0785                	addi	a5,a5,1
10002198:	ce3e                	sw	a5,28(sp)
1000219a:	a8d9                	j	10002270 <_vsnprintf+0x1ea>
1000219c:	0868                	addi	a0,sp,28
1000219e:	9eeff0ef          	jal	1000138c <_atoi>
100021a2:	8b2a                	mv	s6,a0
100021a4:	b7c9                	j	10002166 <_vsnprintf+0xe0>
100021a6:	47e2                	lw	a5,24(sp)
100021a8:	00478713          	addi	a4,a5,4
100021ac:	cc3a                	sw	a4,24(sp)
100021ae:	0007ab03          	lw	s6,0(a5)
100021b2:	000b4663          	bltz	s6,100021be <_vsnprintf+0x138>
100021b6:	47f2                	lw	a5,28(sp)
100021b8:	0785                	addi	a5,a5,1
100021ba:	ce3e                	sw	a5,28(sp)
100021bc:	b76d                	j	10002166 <_vsnprintf+0xe0>
100021be:	00246413          	ori	s0,s0,2
100021c2:	41600b33          	neg	s6,s6
100021c6:	bfc5                	j	100021b6 <_vsnprintf+0x130>
100021c8:	40046413          	ori	s0,s0,1024
100021cc:	00178713          	addi	a4,a5,1
100021d0:	ce3a                	sw	a4,28(sp)
100021d2:	83d8                	lbu	a4,1(a5)
100021d4:	fd070793          	addi	a5,a4,-48
100021d8:	9fe1                	zext.b	a5,a5
100021da:	46a5                	li	a3,9
100021dc:	02f6f263          	bgeu	a3,a5,10002200 <_vsnprintf+0x17a>
100021e0:	02a00793          	li	a5,42
100021e4:	f8f717e3          	bne	a4,a5,10002172 <_vsnprintf+0xec>
100021e8:	47e2                	lw	a5,24(sp)
100021ea:	00478713          	addi	a4,a5,4
100021ee:	cc3a                	sw	a4,24(sp)
100021f0:	0007aa83          	lw	s5,0(a5)
100021f4:	0a0aeab3          	max	s5,s5,zero
100021f8:	47f2                	lw	a5,28(sp)
100021fa:	0785                	addi	a5,a5,1
100021fc:	ce3e                	sw	a5,28(sp)
100021fe:	bf95                	j	10002172 <_vsnprintf+0xec>
10002200:	0868                	addi	a0,sp,28
10002202:	98aff0ef          	jal	1000138c <_atoi>
10002206:	8aaa                	mv	s5,a0
10002208:	b7ad                	j	10002172 <_vsnprintf+0xec>
1000220a:	06800693          	li	a3,104
1000220e:	02d70c63          	beq	a4,a3,10002246 <_vsnprintf+0x1c0>
10002212:	06a00693          	li	a3,106
10002216:	04d71d63          	bne	a4,a3,10002270 <_vsnprintf+0x1ea>
1000221a:	20046413          	ori	s0,s0,512
1000221e:	0785                	addi	a5,a5,1
10002220:	ce3e                	sw	a5,28(sp)
10002222:	a0b9                	j	10002270 <_vsnprintf+0x1ea>
10002224:	10046613          	ori	a2,s0,256
10002228:	00178713          	addi	a4,a5,1
1000222c:	ce3a                	sw	a4,28(sp)
1000222e:	83d4                	lbu	a3,1(a5)
10002230:	06c00713          	li	a4,108
10002234:	00e68463          	beq	a3,a4,1000223c <_vsnprintf+0x1b6>
10002238:	8432                	mv	s0,a2
1000223a:	a81d                	j	10002270 <_vsnprintf+0x1ea>
1000223c:	30046413          	ori	s0,s0,768
10002240:	0789                	addi	a5,a5,2
10002242:	ce3e                	sw	a5,28(sp)
10002244:	a035                	j	10002270 <_vsnprintf+0x1ea>
10002246:	08046613          	ori	a2,s0,128
1000224a:	00178713          	addi	a4,a5,1
1000224e:	ce3a                	sw	a4,28(sp)
10002250:	83d4                	lbu	a3,1(a5)
10002252:	06800713          	li	a4,104
10002256:	00e68463          	beq	a3,a4,1000225e <_vsnprintf+0x1d8>
1000225a:	8432                	mv	s0,a2
1000225c:	a811                	j	10002270 <_vsnprintf+0x1ea>
1000225e:	0c046413          	ori	s0,s0,192
10002262:	0789                	addi	a5,a5,2
10002264:	ce3e                	sw	a5,28(sp)
10002266:	a029                	j	10002270 <_vsnprintf+0x1ea>
10002268:	10046413          	ori	s0,s0,256
1000226c:	0785                	addi	a5,a5,1
1000226e:	ce3e                	sw	a5,28(sp)
10002270:	47f2                	lw	a5,28(sp)
10002272:	8388                	lbu	a0,0(a5)
10002274:	06500793          	li	a5,101
10002278:	0af50463          	beq	a0,a5,10002320 <_vsnprintf+0x29a>
1000227c:	12a7e563          	bltu	a5,a0,100023a6 <_vsnprintf+0x320>
10002280:	04600793          	li	a5,70
10002284:	16f50463          	beq	a0,a5,100023ec <_vsnprintf+0x366>
10002288:	02a7fe63          	bgeu	a5,a0,100022c4 <_vsnprintf+0x23e>
1000228c:	06300793          	li	a5,99
10002290:	06f51a63          	bne	a0,a5,10002304 <_vsnprintf+0x27e>
10002294:	de5e                	sw	s7,60(sp)
10002296:	8809                	andi	s0,s0,2
10002298:	38040b63          	beqz	s0,1000262e <_vsnprintf+0x5a8>
1000229c:	4a85                	li	s5,1
1000229e:	47e2                	lw	a5,24(sp)
100022a0:	00478713          	addi	a4,a5,4
100022a4:	cc3a                	sw	a4,24(sp)
100022a6:	00148b93          	addi	s7,s1,1
100022aa:	86ca                	mv	a3,s2
100022ac:	8626                	mv	a2,s1
100022ae:	85ce                	mv	a1,s3
100022b0:	8388                	lbu	a0,0(a5)
100022b2:	9a02                	jalr	s4
100022b4:	38041963          	bnez	s0,10002646 <_vsnprintf+0x5c0>
100022b8:	47f2                	lw	a5,28(sp)
100022ba:	0785                	addi	a5,a5,1
100022bc:	ce3e                	sw	a5,28(sp)
100022be:	84de                	mv	s1,s7
100022c0:	5bf2                	lw	s7,60(sp)
100022c2:	b3dd                	j	100020a8 <_vsnprintf+0x22>
100022c4:	02500793          	li	a5,37
100022c8:	00f51f63          	bne	a0,a5,100022e6 <_vsnprintf+0x260>
100022cc:	00148413          	addi	s0,s1,1
100022d0:	86ca                	mv	a3,s2
100022d2:	8626                	mv	a2,s1
100022d4:	85ce                	mv	a1,s3
100022d6:	02500513          	li	a0,37
100022da:	9a02                	jalr	s4
100022dc:	47f2                	lw	a5,28(sp)
100022de:	0785                	addi	a5,a5,1
100022e0:	ce3e                	sw	a5,28(sp)
100022e2:	84a2                	mv	s1,s0
100022e4:	b3d1                	j	100020a8 <_vsnprintf+0x22>
100022e6:	04500793          	li	a5,69
100022ea:	02f50b63          	beq	a0,a5,10002320 <_vsnprintf+0x29a>
100022ee:	00148413          	addi	s0,s1,1
100022f2:	86ca                	mv	a3,s2
100022f4:	8626                	mv	a2,s1
100022f6:	85ce                	mv	a1,s3
100022f8:	9a02                	jalr	s4
100022fa:	47f2                	lw	a5,28(sp)
100022fc:	0785                	addi	a5,a5,1
100022fe:	ce3e                	sw	a5,28(sp)
10002300:	84a2                	mv	s1,s0
10002302:	b35d                	j	100020a8 <_vsnprintf+0x22>
10002304:	06a7e863          	bltu	a5,a0,10002374 <_vsnprintf+0x2ee>
10002308:	05800793          	li	a5,88
1000230c:	06f50863          	beq	a0,a5,1000237c <_vsnprintf+0x2f6>
10002310:	06200793          	li	a5,98
10002314:	06f50463          	beq	a0,a5,1000237c <_vsnprintf+0x2f6>
10002318:	04700793          	li	a5,71
1000231c:	fcf519e3          	bne	a0,a5,100022ee <_vsnprintf+0x268>
10002320:	fb950793          	addi	a5,a0,-71
10002324:	0017b793          	seqz	a5,a5
10002328:	f9950713          	addi	a4,a0,-103
1000232c:	00173713          	seqz	a4,a4
10002330:	8f5d                	or	a4,a4,a5
10002332:	c319                	beqz	a4,10002338 <_vsnprintf+0x2b2>
10002334:	28b41413          	bseti	s0,s0,0xb
10002338:	fbb50713          	addi	a4,a0,-69
1000233c:	00173713          	seqz	a4,a4
10002340:	8fd9                	or	a5,a5,a4
10002342:	c399                	beqz	a5,10002348 <_vsnprintf+0x2c2>
10002344:	02046413          	ori	s0,s0,32
10002348:	47e2                	lw	a5,24(sp)
1000234a:	079d                	addi	a5,a5,7
1000234c:	9be1                	andi	a5,a5,-8
1000234e:	00878713          	addi	a4,a5,8
10002352:	cc3a                	sw	a4,24(sp)
10002354:	4398                	lw	a4,0(a5)
10002356:	43dc                	lw	a5,4(a5)
10002358:	c022                	sw	s0,0(sp)
1000235a:	88da                	mv	a7,s6
1000235c:	8856                	mv	a6,s5
1000235e:	86ca                	mv	a3,s2
10002360:	8626                	mv	a2,s1
10002362:	85ce                	mv	a1,s3
10002364:	8552                	mv	a0,s4
10002366:	c02ff0ef          	jal	10001768 <_etoa>
1000236a:	84aa                	mv	s1,a0
1000236c:	47f2                	lw	a5,28(sp)
1000236e:	0785                	addi	a5,a5,1
10002370:	ce3e                	sw	a5,28(sp)
10002372:	bb1d                	j	100020a8 <_vsnprintf+0x22>
10002374:	06400793          	li	a5,100
10002378:	f6f51be3          	bne	a0,a5,100022ee <_vsnprintf+0x268>
1000237c:	f8850793          	addi	a5,a0,-120
10002380:	0017b793          	seqz	a5,a5
10002384:	fa850713          	addi	a4,a0,-88
10002388:	00173713          	seqz	a4,a4
1000238c:	8fd9                	or	a5,a5,a4
1000238e:	efcd                	bnez	a5,10002448 <_vsnprintf+0x3c2>
10002390:	06f00793          	li	a5,111
10002394:	12f50a63          	beq	a0,a5,100024c8 <_vsnprintf+0x442>
10002398:	06200793          	li	a5,98
1000239c:	12f50863          	beq	a0,a5,100024cc <_vsnprintf+0x446>
100023a0:	983d                	andi	s0,s0,-17
100023a2:	4829                	li	a6,10
100023a4:	a05d                	j	1000244a <_vsnprintf+0x3c4>
100023a6:	07000793          	li	a5,112
100023aa:	34f50763          	beq	a0,a5,100026f8 <_vsnprintf+0x672>
100023ae:	02a7f563          	bgeu	a5,a0,100023d8 <_vsnprintf+0x352>
100023b2:	07300793          	li	a5,115
100023b6:	06f51e63          	bne	a0,a5,10002432 <_vsnprintf+0x3ac>
100023ba:	de5e                	sw	s7,60(sp)
100023bc:	dc62                	sw	s8,56(sp)
100023be:	da66                	sw	s9,52(sp)
100023c0:	d66e                	sw	s11,44(sp)
100023c2:	47e2                	lw	a5,24(sp)
100023c4:	00478713          	addi	a4,a5,4
100023c8:	cc3a                	sw	a4,24(sp)
100023ca:	0007ac03          	lw	s8,0(a5)
100023ce:	2a0a9663          	bnez	s5,1000267a <_vsnprintf+0x5f4>
100023d2:	577d                	li	a4,-1
100023d4:	87e2                	mv	a5,s8
100023d6:	acbd                	j	10002654 <_vsnprintf+0x5ce>
100023d8:	06700793          	li	a5,103
100023dc:	f4f502e3          	beq	a0,a5,10002320 <_vsnprintf+0x29a>
100023e0:	04a7e063          	bltu	a5,a0,10002420 <_vsnprintf+0x39a>
100023e4:	06600793          	li	a5,102
100023e8:	f0f513e3          	bne	a0,a5,100022ee <_vsnprintf+0x268>
100023ec:	04600793          	li	a5,70
100023f0:	20f50d63          	beq	a0,a5,1000260a <_vsnprintf+0x584>
100023f4:	47e2                	lw	a5,24(sp)
100023f6:	079d                	addi	a5,a5,7
100023f8:	9be1                	andi	a5,a5,-8
100023fa:	00878713          	addi	a4,a5,8
100023fe:	cc3a                	sw	a4,24(sp)
10002400:	4398                	lw	a4,0(a5)
10002402:	43dc                	lw	a5,4(a5)
10002404:	c022                	sw	s0,0(sp)
10002406:	88da                	mv	a7,s6
10002408:	8856                	mv	a6,s5
1000240a:	86ca                	mv	a3,s2
1000240c:	8626                	mv	a2,s1
1000240e:	85ce                	mv	a1,s3
10002410:	8552                	mv	a0,s4
10002412:	821ff0ef          	jal	10001c32 <_ftoa>
10002416:	84aa                	mv	s1,a0
10002418:	47f2                	lw	a5,28(sp)
1000241a:	0785                	addi	a5,a5,1
1000241c:	ce3e                	sw	a5,28(sp)
1000241e:	b169                	j	100020a8 <_vsnprintf+0x22>
10002420:	06900793          	li	a5,105
10002424:	f4f50ce3          	beq	a0,a5,1000237c <_vsnprintf+0x2f6>
10002428:	06f00793          	li	a5,111
1000242c:	f4f508e3          	beq	a0,a5,1000237c <_vsnprintf+0x2f6>
10002430:	bd7d                	j	100022ee <_vsnprintf+0x268>
10002432:	eaf56ee3          	bltu	a0,a5,100022ee <_vsnprintf+0x268>
10002436:	07500793          	li	a5,117
1000243a:	f4f501e3          	beq	a0,a5,1000237c <_vsnprintf+0x2f6>
1000243e:	07800793          	li	a5,120
10002442:	f2f50de3          	beq	a0,a5,1000237c <_vsnprintf+0x2f6>
10002446:	b565                	j	100022ee <_vsnprintf+0x268>
10002448:	4841                	li	a6,16
1000244a:	05800793          	li	a5,88
1000244e:	08f50163          	beq	a0,a5,100024d0 <_vsnprintf+0x44a>
10002452:	f9750793          	addi	a5,a0,-105
10002456:	00f037b3          	snez	a5,a5
1000245a:	f9c50713          	addi	a4,a0,-100
1000245e:	00e03733          	snez	a4,a4
10002462:	8ff9                	and	a5,a5,a4
10002464:	c391                	beqz	a5,10002468 <_vsnprintf+0x3e2>
10002466:	984d                	andi	s0,s0,-13
10002468:	40047793          	andi	a5,s0,1024
1000246c:	c391                	beqz	a5,10002470 <_vsnprintf+0x3ea>
1000246e:	9879                	andi	s0,s0,-2
10002470:	f9750793          	addi	a5,a0,-105
10002474:	0017b793          	seqz	a5,a5
10002478:	f9c50713          	addi	a4,a0,-100
1000247c:	00173713          	seqz	a4,a4
10002480:	8fd9                	or	a5,a5,a4
10002482:	c7e5                	beqz	a5,1000256a <_vsnprintf+0x4e4>
10002484:	20047793          	andi	a5,s0,512
10002488:	e7b9                	bnez	a5,100024d6 <_vsnprintf+0x450>
1000248a:	10047793          	andi	a5,s0,256
1000248e:	ebc9                	bnez	a5,10002520 <_vsnprintf+0x49a>
10002490:	04047793          	andi	a5,s0,64
10002494:	cfc5                	beqz	a5,1000254c <_vsnprintf+0x4c6>
10002496:	47e2                	lw	a5,24(sp)
10002498:	00478713          	addi	a4,a5,4
1000249c:	cc3a                	sw	a4,24(sp)
1000249e:	8398                	lbu	a4,0(a5)
100024a0:	40e006b3          	neg	a3,a4
100024a4:	c222                	sw	s0,4(sp)
100024a6:	c05a                	sw	s6,0(sp)
100024a8:	88d6                	mv	a7,s5
100024aa:	01f75793          	srli	a5,a4,0x1f
100024ae:	0ad76733          	max	a4,a4,a3
100024b2:	86ca                	mv	a3,s2
100024b4:	8626                	mv	a2,s1
100024b6:	85ce                	mv	a1,s3
100024b8:	8552                	mv	a0,s4
100024ba:	91eff0ef          	jal	100015d8 <_ntoa_long>
100024be:	84aa                	mv	s1,a0
100024c0:	47f2                	lw	a5,28(sp)
100024c2:	0785                	addi	a5,a5,1
100024c4:	ce3e                	sw	a5,28(sp)
100024c6:	b6cd                	j	100020a8 <_vsnprintf+0x22>
100024c8:	4821                	li	a6,8
100024ca:	b741                	j	1000244a <_vsnprintf+0x3c4>
100024cc:	4809                	li	a6,2
100024ce:	bfb5                	j	1000244a <_vsnprintf+0x3c4>
100024d0:	02046413          	ori	s0,s0,32
100024d4:	bfbd                	j	10002452 <_vsnprintf+0x3cc>
100024d6:	47e2                	lw	a5,24(sp)
100024d8:	079d                	addi	a5,a5,7
100024da:	9be1                	andi	a5,a5,-8
100024dc:	00878713          	addi	a4,a5,8
100024e0:	cc3a                	sw	a4,24(sp)
100024e2:	4398                	lw	a4,0(a5)
100024e4:	43cc                	lw	a1,4(a5)
100024e6:	41f5d693          	srai	a3,a1,0x1f
100024ea:	00e6c7b3          	xor	a5,a3,a4
100024ee:	00b6c633          	xor	a2,a3,a1
100024f2:	40d78733          	sub	a4,a5,a3
100024f6:	00e7b7b3          	sltu	a5,a5,a4
100024fa:	40d606b3          	sub	a3,a2,a3
100024fe:	c622                	sw	s0,12(sp)
10002500:	c45a                	sw	s6,8(sp)
10002502:	c256                	sw	s5,4(sp)
10002504:	c002                	sw	zero,0(sp)
10002506:	88c2                	mv	a7,a6
10002508:	01f5d813          	srli	a6,a1,0x1f
1000250c:	40f687b3          	sub	a5,a3,a5
10002510:	86ca                	mv	a3,s2
10002512:	8626                	mv	a2,s1
10002514:	85ce                	mv	a1,s3
10002516:	8552                	mv	a0,s4
10002518:	94eff0ef          	jal	10001666 <_ntoa_long_long>
1000251c:	84aa                	mv	s1,a0
1000251e:	b74d                	j	100024c0 <_vsnprintf+0x43a>
10002520:	47e2                	lw	a5,24(sp)
10002522:	00478713          	addi	a4,a5,4
10002526:	cc3a                	sw	a4,24(sp)
10002528:	4398                	lw	a4,0(a5)
1000252a:	40e006b3          	neg	a3,a4
1000252e:	c222                	sw	s0,4(sp)
10002530:	c05a                	sw	s6,0(sp)
10002532:	88d6                	mv	a7,s5
10002534:	01f75793          	srli	a5,a4,0x1f
10002538:	0ad76733          	max	a4,a4,a3
1000253c:	86ca                	mv	a3,s2
1000253e:	8626                	mv	a2,s1
10002540:	85ce                	mv	a1,s3
10002542:	8552                	mv	a0,s4
10002544:	894ff0ef          	jal	100015d8 <_ntoa_long>
10002548:	84aa                	mv	s1,a0
1000254a:	bf9d                	j	100024c0 <_vsnprintf+0x43a>
1000254c:	08047793          	andi	a5,s0,128
10002550:	c799                	beqz	a5,1000255e <_vsnprintf+0x4d8>
10002552:	47e2                	lw	a5,24(sp)
10002554:	00478713          	addi	a4,a5,4
10002558:	cc3a                	sw	a4,24(sp)
1000255a:	87d8                	lh	a4,0(a5)
1000255c:	b791                	j	100024a0 <_vsnprintf+0x41a>
1000255e:	47e2                	lw	a5,24(sp)
10002560:	00478713          	addi	a4,a5,4
10002564:	cc3a                	sw	a4,24(sp)
10002566:	4398                	lw	a4,0(a5)
10002568:	bf25                	j	100024a0 <_vsnprintf+0x41a>
1000256a:	20047793          	andi	a5,s0,512
1000256e:	eb85                	bnez	a5,1000259e <_vsnprintf+0x518>
10002570:	10047793          	andi	a5,s0,256
10002574:	ebb9                	bnez	a5,100025ca <_vsnprintf+0x544>
10002576:	04047793          	andi	a5,s0,64
1000257a:	cbad                	beqz	a5,100025ec <_vsnprintf+0x566>
1000257c:	47e2                	lw	a5,24(sp)
1000257e:	00478713          	addi	a4,a5,4
10002582:	cc3a                	sw	a4,24(sp)
10002584:	8398                	lbu	a4,0(a5)
10002586:	c222                	sw	s0,4(sp)
10002588:	c05a                	sw	s6,0(sp)
1000258a:	88d6                	mv	a7,s5
1000258c:	4781                	li	a5,0
1000258e:	86ca                	mv	a3,s2
10002590:	8626                	mv	a2,s1
10002592:	85ce                	mv	a1,s3
10002594:	8552                	mv	a0,s4
10002596:	842ff0ef          	jal	100015d8 <_ntoa_long>
1000259a:	84aa                	mv	s1,a0
1000259c:	b715                	j	100024c0 <_vsnprintf+0x43a>
1000259e:	47e2                	lw	a5,24(sp)
100025a0:	079d                	addi	a5,a5,7
100025a2:	9be1                	andi	a5,a5,-8
100025a4:	00878713          	addi	a4,a5,8
100025a8:	cc3a                	sw	a4,24(sp)
100025aa:	4398                	lw	a4,0(a5)
100025ac:	43dc                	lw	a5,4(a5)
100025ae:	c622                	sw	s0,12(sp)
100025b0:	c45a                	sw	s6,8(sp)
100025b2:	c256                	sw	s5,4(sp)
100025b4:	c002                	sw	zero,0(sp)
100025b6:	88c2                	mv	a7,a6
100025b8:	4801                	li	a6,0
100025ba:	86ca                	mv	a3,s2
100025bc:	8626                	mv	a2,s1
100025be:	85ce                	mv	a1,s3
100025c0:	8552                	mv	a0,s4
100025c2:	8a4ff0ef          	jal	10001666 <_ntoa_long_long>
100025c6:	84aa                	mv	s1,a0
100025c8:	bde5                	j	100024c0 <_vsnprintf+0x43a>
100025ca:	47e2                	lw	a5,24(sp)
100025cc:	00478713          	addi	a4,a5,4
100025d0:	cc3a                	sw	a4,24(sp)
100025d2:	4398                	lw	a4,0(a5)
100025d4:	c222                	sw	s0,4(sp)
100025d6:	c05a                	sw	s6,0(sp)
100025d8:	88d6                	mv	a7,s5
100025da:	4781                	li	a5,0
100025dc:	86ca                	mv	a3,s2
100025de:	8626                	mv	a2,s1
100025e0:	85ce                	mv	a1,s3
100025e2:	8552                	mv	a0,s4
100025e4:	ff5fe0ef          	jal	100015d8 <_ntoa_long>
100025e8:	84aa                	mv	s1,a0
100025ea:	bdd9                	j	100024c0 <_vsnprintf+0x43a>
100025ec:	08047793          	andi	a5,s0,128
100025f0:	c799                	beqz	a5,100025fe <_vsnprintf+0x578>
100025f2:	47e2                	lw	a5,24(sp)
100025f4:	00478713          	addi	a4,a5,4
100025f8:	cc3a                	sw	a4,24(sp)
100025fa:	8798                	lhu	a4,0(a5)
100025fc:	b769                	j	10002586 <_vsnprintf+0x500>
100025fe:	47e2                	lw	a5,24(sp)
10002600:	00478713          	addi	a4,a5,4
10002604:	cc3a                	sw	a4,24(sp)
10002606:	4398                	lw	a4,0(a5)
10002608:	bfbd                	j	10002586 <_vsnprintf+0x500>
1000260a:	02046413          	ori	s0,s0,32
1000260e:	b3dd                	j	100023f4 <_vsnprintf+0x36e>
10002610:	00148b93          	addi	s7,s1,1
10002614:	86ca                	mv	a3,s2
10002616:	8626                	mv	a2,s1
10002618:	85ce                	mv	a1,s3
1000261a:	02000513          	li	a0,32
1000261e:	9a02                	jalr	s4
10002620:	87d6                	mv	a5,s5
10002622:	84de                	mv	s1,s7
10002624:	00178a93          	addi	s5,a5,1
10002628:	ff67e4e3          	bltu	a5,s6,10002610 <_vsnprintf+0x58a>
1000262c:	b98d                	j	1000229e <_vsnprintf+0x218>
1000262e:	4785                	li	a5,1
10002630:	bfd5                	j	10002624 <_vsnprintf+0x59e>
10002632:	001b8493          	addi	s1,s7,1
10002636:	86ca                	mv	a3,s2
10002638:	865e                	mv	a2,s7
1000263a:	85ce                	mv	a1,s3
1000263c:	02000513          	li	a0,32
10002640:	9a02                	jalr	s4
10002642:	8aa2                	mv	s5,s0
10002644:	8ba6                	mv	s7,s1
10002646:	001a8413          	addi	s0,s5,1
1000264a:	ff6ae4e3          	bltu	s5,s6,10002632 <_vsnprintf+0x5ac>
1000264e:	b1ad                	j	100022b8 <_vsnprintf+0x232>
10002650:	0785                	addi	a5,a5,1
10002652:	8736                	mv	a4,a3
10002654:	8394                	lbu	a3,0(a5)
10002656:	c681                	beqz	a3,1000265e <_vsnprintf+0x5d8>
10002658:	fff70693          	addi	a3,a4,-1
1000265c:	fb75                	bnez	a4,10002650 <_vsnprintf+0x5ca>
1000265e:	41878bb3          	sub	s7,a5,s8
10002662:	40047c93          	andi	s9,s0,1024
10002666:	000c8463          	beqz	s9,1000266e <_vsnprintf+0x5e8>
1000266a:	0b5bdbb3          	minu	s7,s7,s5
1000266e:	00247793          	andi	a5,s0,2
10002672:	8dbe                	mv	s11,a5
10002674:	e3a1                	bnez	a5,100026b4 <_vsnprintf+0x62e>
10002676:	d86a                	sw	s10,48(sp)
10002678:	a831                	j	10002694 <_vsnprintf+0x60e>
1000267a:	8756                	mv	a4,s5
1000267c:	bba1                	j	100023d4 <_vsnprintf+0x34e>
1000267e:	00148793          	addi	a5,s1,1
10002682:	8d3e                	mv	s10,a5
10002684:	86ca                	mv	a3,s2
10002686:	8626                	mv	a2,s1
10002688:	85ce                	mv	a1,s3
1000268a:	02000513          	li	a0,32
1000268e:	9a02                	jalr	s4
10002690:	8ba2                	mv	s7,s0
10002692:	84ea                	mv	s1,s10
10002694:	001b8413          	addi	s0,s7,1
10002698:	ff6be3e3          	bltu	s7,s6,1000267e <_vsnprintf+0x5f8>
1000269c:	8ba2                	mv	s7,s0
1000269e:	5d42                	lw	s10,48(sp)
100026a0:	a811                	j	100026b4 <_vsnprintf+0x62e>
100026a2:	8abe                	mv	s5,a5
100026a4:	0c05                	addi	s8,s8,1
100026a6:	00148413          	addi	s0,s1,1
100026aa:	86ca                	mv	a3,s2
100026ac:	8626                	mv	a2,s1
100026ae:	85ce                	mv	a1,s3
100026b0:	9a02                	jalr	s4
100026b2:	84a2                	mv	s1,s0
100026b4:	000c4503          	lbu	a0,0(s8)
100026b8:	c519                	beqz	a0,100026c6 <_vsnprintf+0x640>
100026ba:	fe0c85e3          	beqz	s9,100026a4 <_vsnprintf+0x61e>
100026be:	fffa8793          	addi	a5,s5,-1
100026c2:	fe0a90e3          	bnez	s5,100026a2 <_vsnprintf+0x61c>
100026c6:	020d9463          	bnez	s11,100026ee <_vsnprintf+0x668>
100026ca:	47f2                	lw	a5,28(sp)
100026cc:	0785                	addi	a5,a5,1
100026ce:	ce3e                	sw	a5,28(sp)
100026d0:	5bf2                	lw	s7,60(sp)
100026d2:	5c62                	lw	s8,56(sp)
100026d4:	5cd2                	lw	s9,52(sp)
100026d6:	5db2                	lw	s11,44(sp)
100026d8:	bac1                	j	100020a8 <_vsnprintf+0x22>
100026da:	00148a93          	addi	s5,s1,1
100026de:	86ca                	mv	a3,s2
100026e0:	8626                	mv	a2,s1
100026e2:	85ce                	mv	a1,s3
100026e4:	02000513          	li	a0,32
100026e8:	9a02                	jalr	s4
100026ea:	8ba2                	mv	s7,s0
100026ec:	84d6                	mv	s1,s5
100026ee:	001b8413          	addi	s0,s7,1
100026f2:	ff6be4e3          	bltu	s7,s6,100026da <_vsnprintf+0x654>
100026f6:	bfd1                	j	100026ca <_vsnprintf+0x644>
100026f8:	02146413          	ori	s0,s0,33
100026fc:	47e2                	lw	a5,24(sp)
100026fe:	00478713          	addi	a4,a5,4
10002702:	cc3a                	sw	a4,24(sp)
10002704:	4398                	lw	a4,0(a5)
10002706:	c222                	sw	s0,4(sp)
10002708:	47a1                	li	a5,8
1000270a:	c03e                	sw	a5,0(sp)
1000270c:	88d6                	mv	a7,s5
1000270e:	4841                	li	a6,16
10002710:	4781                	li	a5,0
10002712:	86ca                	mv	a3,s2
10002714:	8626                	mv	a2,s1
10002716:	85ce                	mv	a1,s3
10002718:	8552                	mv	a0,s4
1000271a:	ebffe0ef          	jal	100015d8 <_ntoa_long>
1000271e:	84aa                	mv	s1,a0
10002720:	47f2                	lw	a5,28(sp)
10002722:	0785                	addi	a5,a5,1
10002724:	ce3e                	sw	a5,28(sp)
10002726:	b249                	j	100020a8 <_vsnprintf+0x22>
10002728:	10001a37          	lui	s4,0x10001
1000272c:	376a0a13          	addi	s4,s4,886 # 10001376 <_out_null>
10002730:	ba9d                	j	100020a6 <_vsnprintf+0x20>
10002732:	0324e363          	bltu	s1,s2,10002758 <_vsnprintf+0x6d2>
10002736:	fff90613          	addi	a2,s2,-1
1000273a:	86ca                	mv	a3,s2
1000273c:	85ce                	mv	a1,s3
1000273e:	4501                	li	a0,0
10002740:	9a02                	jalr	s4
10002742:	8526                	mv	a0,s1
10002744:	40f6                	lw	ra,92(sp)
10002746:	4466                	lw	s0,88(sp)
10002748:	44d6                	lw	s1,84(sp)
1000274a:	4946                	lw	s2,80(sp)
1000274c:	49b6                	lw	s3,76(sp)
1000274e:	4a26                	lw	s4,72(sp)
10002750:	4a96                	lw	s5,68(sp)
10002752:	4b06                	lw	s6,64(sp)
10002754:	6125                	addi	sp,sp,96
10002756:	8082                	ret
10002758:	8626                	mv	a2,s1
1000275a:	b7c5                	j	1000273a <_vsnprintf+0x6b4>

1000275c <vfctprintf>:
1000275c:	1101                	addi	sp,sp,-32
1000275e:	ce06                	sw	ra,28(sp)
10002760:	8736                	mv	a4,a3
10002762:	c42a                	sw	a0,8(sp)
10002764:	c62e                	sw	a1,12(sp)
10002766:	86b2                	mv	a3,a2
10002768:	567d                	li	a2,-1
1000276a:	002c                	addi	a1,sp,8
1000276c:	10001537          	lui	a0,0x10001
10002770:	37850513          	addi	a0,a0,888 # 10001378 <_out_fct>
10002774:	913ff0ef          	jal	10002086 <_vsnprintf>
10002778:	40f2                	lw	ra,28(sp)
1000277a:	6105                	addi	sp,sp,32
1000277c:	8082                	ret

1000277e <runtime_init_per_core_h3_irq_registers>:
1000277e:	450d                	li	a0,3
10002780:	be251073          	csrw	0xbe2,a0
10002784:	157d                	addi	a0,a0,-1
10002786:	fe055de3          	bgez	a0,10002780 <runtime_init_per_core_h3_irq_registers+0x2>
1000278a:	6505                	lui	a0,0x1
1000278c:	80050513          	addi	a0,a0,-2048 # 800 <HeapSize>
10002790:	30451073          	csrw	mie,a0
10002794:	30046073          	csrsi	mstatus,8
10002798:	34001073          	csrw	mscratch,zero
1000279c:	8082                	ret

1000279e <_exit>:
1000279e:	9002                	ebreak
100027a0:	bffd                	j	1000279e <_exit>

100027a2 <exit>:
100027a2:	1141                	addi	sp,sp,-16
100027a4:	c606                	sw	ra,12(sp)
100027a6:	3fe5                	jal	1000279e <_exit>

100027a8 <__assert_func>:
100027a8:	1141                	addi	sp,sp,-16
100027aa:	c606                	sw	ra,12(sp)
100027ac:	882e                	mv	a6,a1
100027ae:	85b6                	mv	a1,a3
100027b0:	ce19                	beqz	a2,100027ce <__assert_func+0x26>
100027b2:	87b2                	mv	a5,a2
100027b4:	10003737          	lui	a4,0x10003
100027b8:	f8870713          	addi	a4,a4,-120 # 10002f88 <__EH_FRAME_BEGIN__+0x400>
100027bc:	86c2                	mv	a3,a6
100027be:	862a                	mv	a2,a0
100027c0:	10003537          	lui	a0,0x10003
100027c4:	f9850513          	addi	a0,a0,-104 # 10002f98 <__EH_FRAME_BEGIN__+0x410>
100027c8:	2611                	jal	10002acc <__wrap_printf>
100027ca:	4505                	li	a0,1
100027cc:	3fc9                	jal	1000279e <_exit>
100027ce:	10003737          	lui	a4,0x10003
100027d2:	f9470713          	addi	a4,a4,-108 # 10002f94 <__EH_FRAME_BEGIN__+0x40c>
100027d6:	87ba                	mv	a5,a4
100027d8:	b7d5                	j	100027bc <__assert_func+0x14>

100027da <runtime_init>:
100027da:	1141                	addi	sp,sp,-16
100027dc:	c606                	sw	ra,12(sp)
100027de:	c422                	sw	s0,8(sp)
100027e0:	be5027f3          	csrr	a5,0xbe5
100027e4:	01079713          	slli	a4,a5,0x10
100027e8:	00074363          	bltz	a4,100027ee <runtime_init+0x14>
100027ec:	9002                	ebreak
100027ee:	9d3fe0ef          	jal	100011c0 <runtime_run_initializers>
100027f2:	10003437          	lui	s0,0x10003
100027f6:	b8440413          	addi	s0,s0,-1148 # 10002b84 <__frame_dummy_init_array_entry>
100027fa:	a021                	j	10002802 <runtime_init+0x28>
100027fc:	401c                	lw	a5,0(s0)
100027fe:	9782                	jalr	a5
10002800:	0411                	addi	s0,s0,4
10002802:	100037b7          	lui	a5,0x10003
10002806:	b8878793          	addi	a5,a5,-1144 # 10002b88 <__EH_FRAME_BEGIN__>
1000280a:	fef469e3          	bltu	s0,a5,100027fc <runtime_init+0x22>
1000280e:	40b2                	lw	ra,12(sp)
10002810:	4422                	lw	s0,8(sp)
10002812:	0141                	addi	sp,sp,16
10002814:	8082                	ret

10002816 <stdio_out_chars_no_crlf>:
10002816:	1141                	addi	sp,sp,-16
10002818:	c606                	sw	ra,12(sp)
1000281a:	872e                	mv	a4,a1
1000281c:	411c                	lw	a5,0(a0)
1000281e:	85b2                	mv	a1,a2
10002820:	853a                	mv	a0,a4
10002822:	9782                	jalr	a5
10002824:	40b2                	lw	ra,12(sp)
10002826:	0141                	addi	sp,sp,16
10002828:	8082                	ret

1000282a <stdio_out_chars_crlf>:
1000282a:	1101                	addi	sp,sp,-32
1000282c:	ce06                	sw	ra,28(sp)
1000282e:	ca26                	sw	s1,20(sp)
10002830:	c84a                	sw	s2,16(sp)
10002832:	c64e                	sw	s3,12(sp)
10002834:	89aa                	mv	s3,a0
10002836:	84ae                	mv	s1,a1
10002838:	8932                	mv	s2,a2
1000283a:	01554783          	lbu	a5,21(a0)
1000283e:	c789                	beqz	a5,10002848 <stdio_out_chars_crlf+0x1e>
10002840:	cc22                	sw	s0,24(sp)
10002842:	4401                	li	s0,0
10002844:	4501                	li	a0,0
10002846:	a025                	j	1000286e <stdio_out_chars_crlf+0x44>
10002848:	411c                	lw	a5,0(a0)
1000284a:	85b2                	mv	a1,a2
1000284c:	8526                	mv	a0,s1
1000284e:	9782                	jalr	a5
10002850:	a8ad                	j	100028ca <stdio_out_chars_crlf+0xa0>
10002852:	0149c783          	lbu	a5,20(s3)
10002856:	a03d                	j	10002884 <stdio_out_chars_crlf+0x5a>
10002858:	0009a783          	lw	a5,0(s3)
1000285c:	4589                	li	a1,2
1000285e:	10003537          	lui	a0,0x10003
10002862:	19850513          	addi	a0,a0,408 # 10003198 <crlf_str.0>
10002866:	9782                	jalr	a5
10002868:	00140513          	addi	a0,s0,1
1000286c:	0405                	addi	s0,s0,1
1000286e:	03245b63          	bge	s0,s2,100028a4 <stdio_out_chars_crlf+0x7a>
10002872:	fe8050e3          	blez	s0,10002852 <stdio_out_chars_crlf+0x28>
10002876:	008487b3          	add	a5,s1,s0
1000287a:	fff7c783          	lbu	a5,-1(a5)
1000287e:	17cd                	addi	a5,a5,-13
10002880:	0017b793          	seqz	a5,a5
10002884:	00848733          	add	a4,s1,s0
10002888:	8314                	lbu	a3,0(a4)
1000288a:	4729                	li	a4,10
1000288c:	fee690e3          	bne	a3,a4,1000286c <stdio_out_chars_crlf+0x42>
10002890:	fff1                	bnez	a5,1000286c <stdio_out_chars_crlf+0x42>
10002892:	fc8553e3          	bge	a0,s0,10002858 <stdio_out_chars_crlf+0x2e>
10002896:	0009a783          	lw	a5,0(s3)
1000289a:	40a405b3          	sub	a1,s0,a0
1000289e:	9526                	add	a0,a0,s1
100028a0:	9782                	jalr	a5
100028a2:	bf5d                	j	10002858 <stdio_out_chars_crlf+0x2e>
100028a4:	01255863          	bge	a0,s2,100028b4 <stdio_out_chars_crlf+0x8a>
100028a8:	0009a783          	lw	a5,0(s3)
100028ac:	40a905b3          	sub	a1,s2,a0
100028b0:	9526                	add	a0,a0,s1
100028b2:	9782                	jalr	a5
100028b4:	03205163          	blez	s2,100028d6 <stdio_out_chars_crlf+0xac>
100028b8:	94ca                	add	s1,s1,s2
100028ba:	fff4c783          	lbu	a5,-1(s1)
100028be:	17cd                	addi	a5,a5,-13
100028c0:	0017b793          	seqz	a5,a5
100028c4:	00f98a23          	sb	a5,20(s3)
100028c8:	4462                	lw	s0,24(sp)
100028ca:	40f2                	lw	ra,28(sp)
100028cc:	44d2                	lw	s1,20(sp)
100028ce:	4942                	lw	s2,16(sp)
100028d0:	49b2                	lw	s3,12(sp)
100028d2:	6105                	addi	sp,sp,32
100028d4:	8082                	ret
100028d6:	4462                	lw	s0,24(sp)
100028d8:	bfcd                	j	100028ca <stdio_out_chars_crlf+0xa0>

100028da <stdio_stack_buffer_flush>:
100028da:	411c                	lw	a5,0(a0)
100028dc:	c3a9                	beqz	a5,1000291e <stdio_stack_buffer_flush+0x44>
100028de:	1141                	addi	sp,sp,-16
100028e0:	c606                	sw	ra,12(sp)
100028e2:	c422                	sw	s0,8(sp)
100028e4:	c226                	sw	s1,4(sp)
100028e6:	84aa                	mv	s1,a0
100028e8:	80c1a403          	lw	s0,-2036(gp) # 20002388 <drivers>
100028ec:	a039                	j	100028fa <stdio_stack_buffer_flush+0x20>
100028ee:	4090                	lw	a2,0(s1)
100028f0:	00448593          	addi	a1,s1,4
100028f4:	8522                	mv	a0,s0
100028f6:	3f15                	jal	1000282a <stdio_out_chars_crlf>
100028f8:	4800                	lw	s0,16(s0)
100028fa:	c819                	beqz	s0,10002910 <stdio_stack_buffer_flush+0x36>
100028fc:	401c                	lw	a5,0(s0)
100028fe:	dfed                	beqz	a5,100028f8 <stdio_stack_buffer_flush+0x1e>
10002900:	200027b7          	lui	a5,0x20002
10002904:	3847a783          	lw	a5,900(a5) # 20002384 <filter>
10002908:	d3fd                	beqz	a5,100028ee <stdio_stack_buffer_flush+0x14>
1000290a:	fe8797e3          	bne	a5,s0,100028f8 <stdio_stack_buffer_flush+0x1e>
1000290e:	b7c5                	j	100028ee <stdio_stack_buffer_flush+0x14>
10002910:	0004a023          	sw	zero,0(s1)
10002914:	40b2                	lw	ra,12(sp)
10002916:	4422                	lw	s0,8(sp)
10002918:	4492                	lw	s1,4(sp)
1000291a:	0141                	addi	sp,sp,16
1000291c:	8082                	ret
1000291e:	8082                	ret

10002920 <stdio_buffered_printer>:
10002920:	1141                	addi	sp,sp,-16
10002922:	c606                	sw	ra,12(sp)
10002924:	c422                	sw	s0,8(sp)
10002926:	c226                	sw	s1,4(sp)
10002928:	84aa                	mv	s1,a0
1000292a:	842e                	mv	s0,a1
1000292c:	4198                	lw	a4,0(a1)
1000292e:	08000793          	li	a5,128
10002932:	00f70e63          	beq	a4,a5,1000294e <stdio_buffered_printer+0x2e>
10002936:	401c                	lw	a5,0(s0)
10002938:	00178713          	addi	a4,a5,1
1000293c:	c018                	sw	a4,0(s0)
1000293e:	943e                	add	s0,s0,a5
10002940:	00940223          	sb	s1,4(s0)
10002944:	40b2                	lw	ra,12(sp)
10002946:	4422                	lw	s0,8(sp)
10002948:	4492                	lw	s1,4(sp)
1000294a:	0141                	addi	sp,sp,16
1000294c:	8082                	ret
1000294e:	852e                	mv	a0,a1
10002950:	3769                	jal	100028da <stdio_stack_buffer_flush>
10002952:	b7d5                	j	10002936 <stdio_buffered_printer+0x16>

10002954 <stdout_serialize_begin>:
10002954:	1141                	addi	sp,sp,-16
10002956:	c606                	sw	ra,12(sp)
10002958:	d5efe0ef          	jal	10000eb6 <time_us_64>
1000295c:	000f47b7          	lui	a5,0xf4
10002960:	24078793          	addi	a5,a5,576 # f4240 <HeapSize+0xf3a40>
10002964:	97aa                	add	a5,a5,a0
10002966:	00a7b633          	sltu	a2,a5,a0
1000296a:	962e                	add	a2,a2,a1
1000296c:	00064e63          	bltz	a2,10002988 <stdout_serialize_begin+0x34>
10002970:	85be                	mv	a1,a5
10002972:	20002537          	lui	a0,0x20002
10002976:	16c50513          	addi	a0,a0,364 # 2000216c <print_mutex>
1000297a:	0fffd097          	auipc	ra,0xfffd
1000297e:	788080e7          	jalr	1928(ra) # 20000102 <mutex_try_enter_block_until>
10002982:	40b2                	lw	ra,12(sp)
10002984:	0141                	addi	sp,sp,16
10002986:	8082                	ret
10002988:	57fd                	li	a5,-1
1000298a:	80000637          	lui	a2,0x80000
1000298e:	963e                	add	a2,a2,a5
10002990:	b7c5                	j	10002970 <stdout_serialize_begin+0x1c>

10002992 <stdout_serialize_end>:
10002992:	1141                	addi	sp,sp,-16
10002994:	c606                	sw	ra,12(sp)
10002996:	20002537          	lui	a0,0x20002
1000299a:	16c50513          	addi	a0,a0,364 # 2000216c <print_mutex>
1000299e:	0fffd097          	auipc	ra,0xfffd
100029a2:	7a0080e7          	jalr	1952(ra) # 2000013e <mutex_exit>
100029a6:	40b2                	lw	ra,12(sp)
100029a8:	0141                	addi	sp,sp,16
100029aa:	8082                	ret

100029ac <stdio_put_string>:
100029ac:	7179                	addi	sp,sp,-48
100029ae:	d606                	sw	ra,44(sp)
100029b0:	d422                	sw	s0,40(sp)
100029b2:	d226                	sw	s1,36(sp)
100029b4:	d04a                	sw	s2,32(sp)
100029b6:	ce4e                	sw	s3,28(sp)
100029b8:	cc52                	sw	s4,24(sp)
100029ba:	ca56                	sw	s5,20(sp)
100029bc:	89aa                	mv	s3,a0
100029be:	84ae                	mv	s1,a1
100029c0:	8a32                	mv	s4,a2
100029c2:	8436                	mv	s0,a3
100029c4:	3f41                	jal	10002954 <stdout_serialize_begin>
100029c6:	8aaa                	mv	s5,a0
100029c8:	57fd                	li	a5,-1
100029ca:	00f48a63          	beq	s1,a5,100029de <stdio_put_string+0x32>
100029ce:	cc01                	beqz	s0,100029e6 <stdio_put_string+0x3a>
100029d0:	10003937          	lui	s2,0x10003
100029d4:	82a90913          	addi	s2,s2,-2006 # 1000282a <stdio_out_chars_crlf>
100029d8:	80c1a403          	lw	s0,-2036(gp) # 20002388 <drivers>
100029dc:	a819                	j	100029f2 <stdio_put_string+0x46>
100029de:	854e                	mv	a0,s3
100029e0:	2229                	jal	10002aea <strlen>
100029e2:	84aa                	mv	s1,a0
100029e4:	b7ed                	j	100029ce <stdio_put_string+0x22>
100029e6:	10003937          	lui	s2,0x10003
100029ea:	81690913          	addi	s2,s2,-2026 # 10002816 <stdio_out_chars_no_crlf>
100029ee:	b7ed                	j	100029d8 <stdio_put_string+0x2c>
100029f0:	4800                	lw	s0,16(s0)
100029f2:	c80d                	beqz	s0,10002a24 <stdio_put_string+0x78>
100029f4:	401c                	lw	a5,0(s0)
100029f6:	dfed                	beqz	a5,100029f0 <stdio_put_string+0x44>
100029f8:	200027b7          	lui	a5,0x20002
100029fc:	3847a783          	lw	a5,900(a5) # 20002384 <filter>
10002a00:	c399                	beqz	a5,10002a06 <stdio_put_string+0x5a>
10002a02:	fe8797e3          	bne	a5,s0,100029f0 <stdio_put_string+0x44>
10002a06:	8626                	mv	a2,s1
10002a08:	85ce                	mv	a1,s3
10002a0a:	8522                	mv	a0,s0
10002a0c:	9902                	jalr	s2
10002a0e:	fe0a01e3          	beqz	s4,100029f0 <stdio_put_string+0x44>
10002a12:	47a9                	li	a5,10
10002a14:	00f107a3          	sb	a5,15(sp)
10002a18:	4605                	li	a2,1
10002a1a:	00f10593          	addi	a1,sp,15
10002a1e:	8522                	mv	a0,s0
10002a20:	9902                	jalr	s2
10002a22:	b7f9                	j	100029f0 <stdio_put_string+0x44>
10002a24:	000a9c63          	bnez	s5,10002a3c <stdio_put_string+0x90>
10002a28:	8526                	mv	a0,s1
10002a2a:	50b2                	lw	ra,44(sp)
10002a2c:	5422                	lw	s0,40(sp)
10002a2e:	5492                	lw	s1,36(sp)
10002a30:	5902                	lw	s2,32(sp)
10002a32:	49f2                	lw	s3,28(sp)
10002a34:	4a62                	lw	s4,24(sp)
10002a36:	4ad2                	lw	s5,20(sp)
10002a38:	6145                	addi	sp,sp,48
10002a3a:	8082                	ret
10002a3c:	3f99                	jal	10002992 <stdout_serialize_end>
10002a3e:	b7ed                	j	10002a28 <stdio_put_string+0x7c>

10002a40 <stdio_flush>:
10002a40:	1141                	addi	sp,sp,-16
10002a42:	c606                	sw	ra,12(sp)
10002a44:	c422                	sw	s0,8(sp)
10002a46:	80c1a403          	lw	s0,-2036(gp) # 20002388 <drivers>
10002a4a:	a011                	j	10002a4e <stdio_flush+0xe>
10002a4c:	4800                	lw	s0,16(s0)
10002a4e:	c409                	beqz	s0,10002a58 <stdio_flush+0x18>
10002a50:	405c                	lw	a5,4(s0)
10002a52:	dfed                	beqz	a5,10002a4c <stdio_flush+0xc>
10002a54:	9782                	jalr	a5
10002a56:	bfdd                	j	10002a4c <stdio_flush+0xc>
10002a58:	40b2                	lw	ra,12(sp)
10002a5a:	4422                	lw	s0,8(sp)
10002a5c:	0141                	addi	sp,sp,16
10002a5e:	8082                	ret

10002a60 <__wrap_puts>:
10002a60:	1141                	addi	sp,sp,-16
10002a62:	c606                	sw	ra,12(sp)
10002a64:	c422                	sw	s0,8(sp)
10002a66:	c226                	sw	s1,4(sp)
10002a68:	84aa                	mv	s1,a0
10002a6a:	2041                	jal	10002aea <strlen>
10002a6c:	842a                	mv	s0,a0
10002a6e:	4685                	li	a3,1
10002a70:	8636                	mv	a2,a3
10002a72:	85aa                	mv	a1,a0
10002a74:	8526                	mv	a0,s1
10002a76:	3f1d                	jal	100029ac <stdio_put_string>
10002a78:	37e1                	jal	10002a40 <stdio_flush>
10002a7a:	8522                	mv	a0,s0
10002a7c:	40b2                	lw	ra,12(sp)
10002a7e:	4422                	lw	s0,8(sp)
10002a80:	4492                	lw	s1,4(sp)
10002a82:	0141                	addi	sp,sp,16
10002a84:	8082                	ret

10002a86 <__wrap_vprintf>:
10002a86:	7171                	addi	sp,sp,-176
10002a88:	d706                	sw	ra,172(sp)
10002a8a:	d522                	sw	s0,168(sp)
10002a8c:	d326                	sw	s1,164(sp)
10002a8e:	d14a                	sw	s2,160(sp)
10002a90:	cf4e                	sw	s3,156(sp)
10002a92:	89aa                	mv	s3,a0
10002a94:	892e                	mv	s2,a1
10002a96:	3d7d                	jal	10002954 <stdout_serialize_begin>
10002a98:	84aa                	mv	s1,a0
10002a9a:	c602                	sw	zero,12(sp)
10002a9c:	0060                	addi	s0,sp,12
10002a9e:	86ca                	mv	a3,s2
10002aa0:	864e                	mv	a2,s3
10002aa2:	85a2                	mv	a1,s0
10002aa4:	10003537          	lui	a0,0x10003
10002aa8:	92050513          	addi	a0,a0,-1760 # 10002920 <stdio_buffered_printer>
10002aac:	3945                	jal	1000275c <vfctprintf>
10002aae:	892a                	mv	s2,a0
10002ab0:	8522                	mv	a0,s0
10002ab2:	3525                	jal	100028da <stdio_stack_buffer_flush>
10002ab4:	3771                	jal	10002a40 <stdio_flush>
10002ab6:	e889                	bnez	s1,10002ac8 <__wrap_vprintf+0x42>
10002ab8:	854a                	mv	a0,s2
10002aba:	50ba                	lw	ra,172(sp)
10002abc:	542a                	lw	s0,168(sp)
10002abe:	549a                	lw	s1,164(sp)
10002ac0:	590a                	lw	s2,160(sp)
10002ac2:	49fa                	lw	s3,156(sp)
10002ac4:	614d                	addi	sp,sp,176
10002ac6:	8082                	ret
10002ac8:	35e9                	jal	10002992 <stdout_serialize_end>
10002aca:	b7fd                	j	10002ab8 <__wrap_vprintf+0x32>

10002acc <__wrap_printf>:
10002acc:	7139                	addi	sp,sp,-64
10002ace:	ce06                	sw	ra,28(sp)
10002ad0:	d22e                	sw	a1,36(sp)
10002ad2:	d432                	sw	a2,40(sp)
10002ad4:	d636                	sw	a3,44(sp)
10002ad6:	d83a                	sw	a4,48(sp)
10002ad8:	da3e                	sw	a5,52(sp)
10002ada:	dc42                	sw	a6,56(sp)
10002adc:	de46                	sw	a7,60(sp)
10002ade:	104c                	addi	a1,sp,36
10002ae0:	c62e                	sw	a1,12(sp)
10002ae2:	3755                	jal	10002a86 <__wrap_vprintf>
10002ae4:	40f2                	lw	ra,28(sp)
10002ae6:	6121                	addi	sp,sp,64
10002ae8:	8082                	ret

10002aea <strlen>:
10002aea:	00357793          	andi	a5,a0,3
10002aee:	872a                	mv	a4,a0
10002af0:	ef9d                	bnez	a5,10002b2e <strlen+0x44>
10002af2:	7f7f86b7          	lui	a3,0x7f7f8
10002af6:	f7f68693          	addi	a3,a3,-129 # 7f7f7f7f <__StackTop+0x5f775f7f>
10002afa:	55fd                	li	a1,-1
10002afc:	4310                	lw	a2,0(a4)
10002afe:	0711                	addi	a4,a4,4
10002b00:	00d677b3          	and	a5,a2,a3
10002b04:	97b6                	add	a5,a5,a3
10002b06:	8fd1                	or	a5,a5,a2
10002b08:	8fd5                	or	a5,a5,a3
10002b0a:	feb789e3          	beq	a5,a1,10002afc <strlen+0x12>
10002b0e:	ffc74683          	lbu	a3,-4(a4)
10002b12:	40a707b3          	sub	a5,a4,a0
10002b16:	ca85                	beqz	a3,10002b46 <strlen+0x5c>
10002b18:	ffd74683          	lbu	a3,-3(a4)
10002b1c:	c295                	beqz	a3,10002b40 <strlen+0x56>
10002b1e:	ffe74503          	lbu	a0,-2(a4)
10002b22:	00a03533          	snez	a0,a0
10002b26:	953e                	add	a0,a0,a5
10002b28:	1579                	addi	a0,a0,-2
10002b2a:	8082                	ret
10002b2c:	d2f9                	beqz	a3,10002af2 <strlen+0x8>
10002b2e:	831c                	lbu	a5,0(a4)
10002b30:	0705                	addi	a4,a4,1
10002b32:	00377693          	andi	a3,a4,3
10002b36:	fbfd                	bnez	a5,10002b2c <strlen+0x42>
10002b38:	8f09                	sub	a4,a4,a0
10002b3a:	fff70513          	addi	a0,a4,-1
10002b3e:	8082                	ret
10002b40:	ffd78513          	addi	a0,a5,-3
10002b44:	8082                	ret
10002b46:	ffc78513          	addi	a0,a5,-4
10002b4a:	8082                	ret

10002b4c <__pre_init_runtime_init_bootrom_reset>:
10002b4c:	123c 1000                                   <...

10002b50 <__pre_init_runtime_init_early_resets>:
10002b50:	11d4 1000                                   ....

10002b54 <__pre_init_runtime_init_usb_power_down>:
10002b54:	1202 1000                                   ....

10002b58 <__pre_init_runtime_init_clocks>:
10002b58:	12b0 1000                                   ....

10002b5c <__pre_init_runtime_init_post_clock_resets>:
10002b5c:	121c 1000                                   ....

10002b60 <__pre_init_runtime_init_boot_locks_reset>:
10002b60:	1166 1000                                   f...

10002b64 <__pre_init_runtime_init_spin_locks_reset>:
10002b64:	126c 1000                                   l...

10002b68 <__pre_init_runtime_init_bootrom_locking_enable>:
10002b68:	1134 1000                                   4...

10002b6c <__pre_init_runtime_init_mutex>:
10002b6c:	0464 1000                                   d...

10002b70 <__pre_init_runtime_init_default_alarm_pool>:
10002b70:	0e20 1000                                    ...

10002b74 <__pre_init_first_per_core_initializer>:
10002b74:	11be 1000                                   ....

10002b78 <__pre_init_runtime_init_per_core_bootrom_reset>:
10002b78:	1254 1000                                   T...

10002b7c <__pre_init_runtime_init_per_core_h3_irq_registers>:
10002b7c:	277e 1000                                   ~'..

10002b80 <__pre_init_runtime_init_per_core_irq_priorities>:
10002b80:	03e6 1000                                   ....

10002b84 <__frame_dummy_init_array_entry>:
10002b84:	0104 1000                                   ....

Disassembly of section .data:

20000000 <mutex_try_enter>:
20000000:	872a                	mv	a4,a0
20000002:	411c                	lw	a5,0(a0)
20000004:	300476f3          	csrrci	a3,mstatus,8
20000008:	00379613          	slli	a2,a5,0x3
2000000c:	28c01633          	bset	a2,zero,a2
20000010:	9bf1                	andi	a5,a5,-4
20000012:	44c7a52f          	amoor.w.aq	a0,a2,(a5)
20000016:	8d71                	and	a0,a0,a2
20000018:	fd6d                	bnez	a0,20000012 <mutex_try_enter+0x12>
2000001a:	0330000f          	fence	rw,rw
2000001e:	00470783          	lb	a5,4(a4)
20000022:	0007cf63          	bltz	a5,20000040 <mutex_try_enter+0x40>
20000026:	c58d                	beqz	a1,20000050 <mutex_try_enter+0x50>
20000028:	c19c                	sw	a5,0(a1)
2000002a:	4501                	li	a0,0
2000002c:	431c                	lw	a5,0(a4)
2000002e:	0330000f          	fence	rw,rw
20000032:	00078023          	sb	zero,0(a5)
20000036:	0086f793          	andi	a5,a3,8
2000003a:	3007a073          	csrs	mstatus,a5
2000003e:	8082                	ret
20000040:	d00007b7          	lui	a5,0xd0000
20000044:	00078783          	lb	a5,0(a5) # d0000000 <__StackTop+0xaff7e000>
20000048:	00f70223          	sb	a5,4(a4)
2000004c:	4505                	li	a0,1
2000004e:	bff9                	j	2000002c <mutex_try_enter+0x2c>
20000050:	4501                	li	a0,0
20000052:	bfe9                	j	2000002c <mutex_try_enter+0x2c>

20000054 <mutex_enter_block_until>:
20000054:	1101                	addi	sp,sp,-32
20000056:	ce06                	sw	ra,28(sp)
20000058:	cc22                	sw	s0,24(sp)
2000005a:	ca26                	sw	s1,20(sp)
2000005c:	c84a                	sw	s2,16(sp)
2000005e:	c64e                	sw	s3,12(sp)
20000060:	411c                	lw	a5,0(a0)
20000062:	cfa1                	beqz	a5,200000ba <mutex_enter_block_until+0x66>
20000064:	842a                	mv	s0,a0
20000066:	84ae                	mv	s1,a1
20000068:	8932                	mv	s2,a2
2000006a:	d00007b7          	lui	a5,0xd0000
2000006e:	00078783          	lb	a5,0(a5) # d0000000 <__StackTop+0xaff7e000>
20000072:	89be                	mv	s3,a5
20000074:	401c                	lw	a5,0(s0)
20000076:	30047773          	csrrci	a4,mstatus,8
2000007a:	00379693          	slli	a3,a5,0x3
2000007e:	28d016b3          	bset	a3,zero,a3
20000082:	9bf1                	andi	a5,a5,-4
20000084:	44d7a62f          	amoor.w.aq	a2,a3,(a5)
20000088:	8e75                	and	a2,a2,a3
2000008a:	fe6d                	bnez	a2,20000084 <mutex_enter_block_until+0x30>
2000008c:	0330000f          	fence	rw,rw
20000090:	00440783          	lb	a5,4(s0)
20000094:	0407c563          	bltz	a5,200000de <mutex_enter_block_until+0x8a>
20000098:	401c                	lw	a5,0(s0)
2000009a:	0330000f          	fence	rw,rw
2000009e:	00078023          	sb	zero,0(a5)
200000a2:	8b21                	andi	a4,a4,8
200000a4:	30072073          	csrs	mstatus,a4
200000a8:	8526                	mv	a0,s1
200000aa:	85ca                	mv	a1,s2
200000ac:	f0001097          	auipc	ra,0xf0001
200000b0:	c08080e7          	jalr	-1016(ra) # 10000cb4 <best_effort_wfe_or_timeout>
200000b4:	d161                	beqz	a0,20000074 <mutex_enter_block_until+0x20>
200000b6:	4501                	li	a0,0
200000b8:	a835                	j	200000f4 <mutex_enter_block_until+0xa0>
200000ba:	100036b7          	lui	a3,0x10003
200000be:	cb468693          	addi	a3,a3,-844 # 10002cb4 <__EH_FRAME_BEGIN__+0x12c>
200000c2:	10003637          	lui	a2,0x10003
200000c6:	ff060613          	addi	a2,a2,-16 # 10002ff0 <__func__.3>
200000ca:	0a600593          	li	a1,166
200000ce:	10003537          	lui	a0,0x10003
200000d2:	c6c50513          	addi	a0,a0,-916 # 10002c6c <__EH_FRAME_BEGIN__+0xe4>
200000d6:	f0002097          	auipc	ra,0xf0002
200000da:	6d2080e7          	jalr	1746(ra) # 100027a8 <__assert_func>
200000de:	01340223          	sb	s3,4(s0)
200000e2:	401c                	lw	a5,0(s0)
200000e4:	0330000f          	fence	rw,rw
200000e8:	00078023          	sb	zero,0(a5)
200000ec:	8b21                	andi	a4,a4,8
200000ee:	30072073          	csrs	mstatus,a4
200000f2:	4505                	li	a0,1
200000f4:	40f2                	lw	ra,28(sp)
200000f6:	4462                	lw	s0,24(sp)
200000f8:	44d2                	lw	s1,20(sp)
200000fa:	4942                	lw	s2,16(sp)
200000fc:	49b2                	lw	s3,12(sp)
200000fe:	6105                	addi	sp,sp,32
20000100:	8082                	ret

20000102 <mutex_try_enter_block_until>:
20000102:	1101                	addi	sp,sp,-32
20000104:	ce06                	sw	ra,28(sp)
20000106:	cc22                	sw	s0,24(sp)
20000108:	ca26                	sw	s1,20(sp)
2000010a:	c84a                	sw	s2,16(sp)
2000010c:	892a                	mv	s2,a0
2000010e:	84ae                	mv	s1,a1
20000110:	8432                	mv	s0,a2
20000112:	006c                	addi	a1,sp,12
20000114:	35f5                	jal	20000000 <mutex_try_enter>
20000116:	e909                	bnez	a0,20000128 <mutex_try_enter_block_until+0x26>
20000118:	00c10703          	lb	a4,12(sp)
2000011c:	d00007b7          	lui	a5,0xd0000
20000120:	00078783          	lb	a5,0(a5) # d0000000 <__StackTop+0xaff7e000>
20000124:	00f71863          	bne	a4,a5,20000134 <mutex_try_enter_block_until+0x32>
20000128:	40f2                	lw	ra,28(sp)
2000012a:	4462                	lw	s0,24(sp)
2000012c:	44d2                	lw	s1,20(sp)
2000012e:	4942                	lw	s2,16(sp)
20000130:	6105                	addi	sp,sp,32
20000132:	8082                	ret
20000134:	85a6                	mv	a1,s1
20000136:	8622                	mv	a2,s0
20000138:	854a                	mv	a0,s2
2000013a:	3f29                	jal	20000054 <mutex_enter_block_until>
2000013c:	b7f5                	j	20000128 <mutex_try_enter_block_until+0x26>

2000013e <mutex_exit>:
2000013e:	411c                	lw	a5,0(a0)
20000140:	30047773          	csrrci	a4,mstatus,8
20000144:	00379693          	slli	a3,a5,0x3
20000148:	28d016b3          	bset	a3,zero,a3
2000014c:	9bf1                	andi	a5,a5,-4
2000014e:	44d7a62f          	amoor.w.aq	a2,a3,(a5)
20000152:	8e75                	and	a2,a2,a3
20000154:	fe6d                	bnez	a2,2000014e <mutex_exit+0x10>
20000156:	0330000f          	fence	rw,rw
2000015a:	00450783          	lb	a5,4(a0)
2000015e:	0207c063          	bltz	a5,2000017e <mutex_exit+0x40>
20000162:	57fd                	li	a5,-1
20000164:	00f50223          	sb	a5,4(a0)
20000168:	411c                	lw	a5,0(a0)
2000016a:	0330000f          	fence	rw,rw
2000016e:	00078023          	sb	zero,0(a5)
20000172:	8b21                	andi	a4,a4,8
20000174:	30072073          	csrs	mstatus,a4
20000178:	00102033          	sgtz	zero,ra
2000017c:	8082                	ret
2000017e:	1141                	addi	sp,sp,-16
20000180:	c606                	sw	ra,12(sp)
20000182:	100036b7          	lui	a3,0x10003
20000186:	cc868693          	addi	a3,a3,-824 # 10002cc8 <__EH_FRAME_BEGIN__+0x140>
2000018a:	10003637          	lui	a2,0x10003
2000018e:	fe460613          	addi	a2,a2,-28 # 10002fe4 <__func__.1>
20000192:	0d500593          	li	a1,213
20000196:	10003537          	lui	a0,0x10003
2000019a:	c6c50513          	addi	a0,a0,-916 # 10002c6c <__EH_FRAME_BEGIN__+0xe4>
2000019e:	f0002097          	auipc	ra,0xf0002
200001a2:	60a080e7          	jalr	1546(ra) # 100027a8 <__assert_func>

200001a6 <__udivdi3>:
200001a6:	8732                	mv	a4,a2
200001a8:	8836                	mv	a6,a3
200001aa:	88aa                	mv	a7,a0
200001ac:	832e                	mv	t1,a1
200001ae:	1a069463          	bnez	a3,20000356 <__udivdi3+0x1b0>
200001b2:	200027b7          	lui	a5,0x20002
200001b6:	e9478793          	addi	a5,a5,-364 # 20001e94 <__clz_tab>
200001ba:	0ac5f463          	bgeu	a1,a2,20000262 <__udivdi3+0xbc>
200001be:	66c1                	lui	a3,0x10
200001c0:	08d67763          	bgeu	a2,a3,2000024e <__udivdi3+0xa8>
200001c4:	10063693          	sltiu	a3,a2,256
200001c8:	0016b693          	seqz	a3,a3
200001cc:	068e                	slli	a3,a3,0x3
200001ce:	00d65e33          	srl	t3,a2,a3
200001d2:	97f2                	add	a5,a5,t3
200001d4:	839c                	lbu	a5,0(a5)
200001d6:	97b6                	add	a5,a5,a3
200001d8:	02000693          	li	a3,32
200001dc:	00d78d63          	beq	a5,a3,200001f6 <__udivdi3+0x50>
200001e0:	8e9d                	sub	a3,a3,a5
200001e2:	00d59333          	sll	t1,a1,a3
200001e6:	00f557b3          	srl	a5,a0,a5
200001ea:	00d61733          	sll	a4,a2,a3
200001ee:	0067e333          	or	t1,a5,t1
200001f2:	00d518b3          	sll	a7,a0,a3
200001f6:	01075513          	srli	a0,a4,0x10
200001fa:	02a357b3          	divu	a5,t1,a0
200001fe:	080745b3          	zext.h	a1,a4
20000202:	0108d693          	srli	a3,a7,0x10
20000206:	02a37333          	remu	t1,t1,a0
2000020a:	02f58633          	mul	a2,a1,a5
2000020e:	0342                	slli	t1,t1,0x10
20000210:	0066e6b3          	or	a3,a3,t1
20000214:	00c6f863          	bgeu	a3,a2,20000224 <__udivdi3+0x7e>
20000218:	96ba                	add	a3,a3,a4
2000021a:	00c6f463          	bgeu	a3,a2,20000222 <__udivdi3+0x7c>
2000021e:	02e6ff63          	bgeu	a3,a4,2000025c <__udivdi3+0xb6>
20000222:	17fd                	addi	a5,a5,-1
20000224:	8e91                	sub	a3,a3,a2
20000226:	02a6d633          	divu	a2,a3,a0
2000022a:	02a6f6b3          	remu	a3,a3,a0
2000022e:	9dd1                	mul	a1,a1,a2
20000230:	08d8c6b3          	pack	a3,a7,a3
20000234:	00b6f863          	bgeu	a3,a1,20000244 <__udivdi3+0x9e>
20000238:	96ba                	add	a3,a3,a4
2000023a:	00b6f463          	bgeu	a3,a1,20000242 <__udivdi3+0x9c>
2000023e:	10e6fa63          	bgeu	a3,a4,20000352 <__udivdi3+0x1ac>
20000242:	167d                	addi	a2,a2,-1
20000244:	07c2                	slli	a5,a5,0x10
20000246:	8fd1                	or	a5,a5,a2
20000248:	853e                	mv	a0,a5
2000024a:	85c2                	mv	a1,a6
2000024c:	8082                	ret
2000024e:	01000e37          	lui	t3,0x1000
20000252:	46e1                	li	a3,24
20000254:	f7c67de3          	bgeu	a2,t3,200001ce <__udivdi3+0x28>
20000258:	46c1                	li	a3,16
2000025a:	bf95                	j	200001ce <__udivdi3+0x28>
2000025c:	17f9                	addi	a5,a5,-2
2000025e:	96ba                	add	a3,a3,a4
20000260:	b7d1                	j	20000224 <__udivdi3+0x7e>
20000262:	4681                	li	a3,0
20000264:	ca09                	beqz	a2,20000276 <__udivdi3+0xd0>
20000266:	66c1                	lui	a3,0x10
20000268:	04d67c63          	bgeu	a2,a3,200002c0 <__udivdi3+0x11a>
2000026c:	10063693          	sltiu	a3,a2,256
20000270:	0016b693          	seqz	a3,a3
20000274:	068e                	slli	a3,a3,0x3
20000276:	00d65833          	srl	a6,a2,a3
2000027a:	97c2                	add	a5,a5,a6
2000027c:	839c                	lbu	a5,0(a5)
2000027e:	02000813          	li	a6,32
20000282:	97b6                	add	a5,a5,a3
20000284:	05079563          	bne	a5,a6,200002ce <__udivdi3+0x128>
20000288:	40c58633          	sub	a2,a1,a2
2000028c:	4805                	li	a6,1
2000028e:	01075513          	srli	a0,a4,0x10
20000292:	02a657b3          	divu	a5,a2,a0
20000296:	080745b3          	zext.h	a1,a4
2000029a:	0108d693          	srli	a3,a7,0x10
2000029e:	02a67633          	remu	a2,a2,a0
200002a2:	02f58333          	mul	t1,a1,a5
200002a6:	0642                	slli	a2,a2,0x10
200002a8:	8ed1                	or	a3,a3,a2
200002aa:	0066f863          	bgeu	a3,t1,200002ba <__udivdi3+0x114>
200002ae:	96ba                	add	a3,a3,a4
200002b0:	0066f463          	bgeu	a3,t1,200002b8 <__udivdi3+0x112>
200002b4:	08e6fc63          	bgeu	a3,a4,2000034c <__udivdi3+0x1a6>
200002b8:	17fd                	addi	a5,a5,-1
200002ba:	406686b3          	sub	a3,a3,t1
200002be:	b7a5                	j	20000226 <__udivdi3+0x80>
200002c0:	01000837          	lui	a6,0x1000
200002c4:	46e1                	li	a3,24
200002c6:	fb0678e3          	bgeu	a2,a6,20000276 <__udivdi3+0xd0>
200002ca:	46c1                	li	a3,16
200002cc:	b76d                	j	20000276 <__udivdi3+0xd0>
200002ce:	40f80833          	sub	a6,a6,a5
200002d2:	01061733          	sll	a4,a2,a6
200002d6:	00f5d6b3          	srl	a3,a1,a5
200002da:	010518b3          	sll	a7,a0,a6
200002de:	00f557b3          	srl	a5,a0,a5
200002e2:	01075513          	srli	a0,a4,0x10
200002e6:	010595b3          	sll	a1,a1,a6
200002ea:	02a6d833          	divu	a6,a3,a0
200002ee:	8fcd                	or	a5,a5,a1
200002f0:	080745b3          	zext.h	a1,a4
200002f4:	0107d613          	srli	a2,a5,0x10
200002f8:	02a6f6b3          	remu	a3,a3,a0
200002fc:	03058333          	mul	t1,a1,a6
20000300:	06c2                	slli	a3,a3,0x10
20000302:	8e55                	or	a2,a2,a3
20000304:	00667863          	bgeu	a2,t1,20000314 <__udivdi3+0x16e>
20000308:	963a                	add	a2,a2,a4
2000030a:	00667463          	bgeu	a2,t1,20000312 <__udivdi3+0x16c>
2000030e:	02e67963          	bgeu	a2,a4,20000340 <__udivdi3+0x19a>
20000312:	187d                	addi	a6,a6,-1 # ffffff <HeapSize+0xfff7ff>
20000314:	40660633          	sub	a2,a2,t1
20000318:	02a656b3          	divu	a3,a2,a0
2000031c:	02a67633          	remu	a2,a2,a0
20000320:	9dd5                	mul	a1,a1,a3
20000322:	08c7c633          	pack	a2,a5,a2
20000326:	00b67863          	bgeu	a2,a1,20000336 <__udivdi3+0x190>
2000032a:	963a                	add	a2,a2,a4
2000032c:	00b67463          	bgeu	a2,a1,20000334 <__udivdi3+0x18e>
20000330:	00e67b63          	bgeu	a2,a4,20000346 <__udivdi3+0x1a0>
20000334:	16fd                	addi	a3,a3,-1 # ffff <HeapSize+0xf7ff>
20000336:	0842                	slli	a6,a6,0x10
20000338:	8e0d                	sub	a2,a2,a1
2000033a:	00d86833          	or	a6,a6,a3
2000033e:	bf81                	j	2000028e <__udivdi3+0xe8>
20000340:	1879                	addi	a6,a6,-2
20000342:	963a                	add	a2,a2,a4
20000344:	bfc1                	j	20000314 <__udivdi3+0x16e>
20000346:	16f9                	addi	a3,a3,-2
20000348:	963a                	add	a2,a2,a4
2000034a:	b7f5                	j	20000336 <__udivdi3+0x190>
2000034c:	17f9                	addi	a5,a5,-2
2000034e:	96ba                	add	a3,a3,a4
20000350:	b7ad                	j	200002ba <__udivdi3+0x114>
20000352:	1679                	addi	a2,a2,-2
20000354:	bdc5                	j	20000244 <__udivdi3+0x9e>
20000356:	12d5e063          	bltu	a1,a3,20000476 <__udivdi3+0x2d0>
2000035a:	67c1                	lui	a5,0x10
2000035c:	02f6fd63          	bgeu	a3,a5,20000396 <__udivdi3+0x1f0>
20000360:	1006b713          	sltiu	a4,a3,256
20000364:	00173713          	seqz	a4,a4
20000368:	070e                	slli	a4,a4,0x3
2000036a:	200027b7          	lui	a5,0x20002
2000036e:	00e6d833          	srl	a6,a3,a4
20000372:	e9478793          	addi	a5,a5,-364 # 20001e94 <__clz_tab>
20000376:	97c2                	add	a5,a5,a6
20000378:	839c                	lbu	a5,0(a5)
2000037a:	02000893          	li	a7,32
2000037e:	97ba                	add	a5,a5,a4
20000380:	03179263          	bne	a5,a7,200003a4 <__udivdi3+0x1fe>
20000384:	00c537b3          	sltu	a5,a0,a2
20000388:	0017b793          	seqz	a5,a5
2000038c:	00b6b6b3          	sltu	a3,a3,a1
20000390:	8fd5                	or	a5,a5,a3
20000392:	4801                	li	a6,0
20000394:	bd55                	j	20000248 <__udivdi3+0xa2>
20000396:	010007b7          	lui	a5,0x1000
2000039a:	4761                	li	a4,24
2000039c:	fcf6f7e3          	bgeu	a3,a5,2000036a <__udivdi3+0x1c4>
200003a0:	4741                	li	a4,16
200003a2:	b7e1                	j	2000036a <__udivdi3+0x1c4>
200003a4:	40f888b3          	sub	a7,a7,a5
200003a8:	00f65833          	srl	a6,a2,a5
200003ac:	011696b3          	sll	a3,a3,a7
200003b0:	00d86833          	or	a6,a6,a3
200003b4:	00f5d733          	srl	a4,a1,a5
200003b8:	01085e13          	srli	t3,a6,0x10
200003bc:	00f557b3          	srl	a5,a0,a5
200003c0:	011595b3          	sll	a1,a1,a7
200003c4:	8ddd                	or	a1,a1,a5
200003c6:	03c757b3          	divu	a5,a4,t3
200003ca:	08084333          	zext.h	t1,a6
200003ce:	01161633          	sll	a2,a2,a7
200003d2:	03c77733          	remu	a4,a4,t3
200003d6:	02f30eb3          	mul	t4,t1,a5
200003da:	01071693          	slli	a3,a4,0x10
200003de:	0105d713          	srli	a4,a1,0x10
200003e2:	8f55                	or	a4,a4,a3
200003e4:	01d77863          	bgeu	a4,t4,200003f4 <__udivdi3+0x24e>
200003e8:	9742                	add	a4,a4,a6
200003ea:	01d77463          	bgeu	a4,t4,200003f2 <__udivdi3+0x24c>
200003ee:	07077e63          	bgeu	a4,a6,2000046a <__udivdi3+0x2c4>
200003f2:	17fd                	addi	a5,a5,-1 # ffffff <HeapSize+0xfff7ff>
200003f4:	41d70733          	sub	a4,a4,t4
200003f8:	03c756b3          	divu	a3,a4,t3
200003fc:	03c77733          	remu	a4,a4,t3
20000400:	02d30333          	mul	t1,t1,a3
20000404:	08e5c733          	pack	a4,a1,a4
20000408:	00677863          	bgeu	a4,t1,20000418 <__udivdi3+0x272>
2000040c:	9742                	add	a4,a4,a6
2000040e:	00677463          	bgeu	a4,t1,20000416 <__udivdi3+0x270>
20000412:	05077f63          	bgeu	a4,a6,20000470 <__udivdi3+0x2ca>
20000416:	16fd                	addi	a3,a3,-1
20000418:	07c2                	slli	a5,a5,0x10
2000041a:	8fd5                	or	a5,a5,a3
2000041c:	08064833          	zext.h	a6,a2
20000420:	9ee9                	zext.h	a3,a3
20000422:	8241                	srli	a2,a2,0x10
20000424:	0107d593          	srli	a1,a5,0x10
20000428:	40670733          	sub	a4,a4,t1
2000042c:	03068333          	mul	t1,a3,a6
20000430:	03058833          	mul	a6,a1,a6
20000434:	9ed1                	mul	a3,a3,a2
20000436:	9dd1                	mul	a1,a1,a2
20000438:	96c2                	add	a3,a3,a6
2000043a:	01035613          	srli	a2,t1,0x10
2000043e:	96b2                	add	a3,a3,a2
20000440:	0106f463          	bgeu	a3,a6,20000448 <__udivdi3+0x2a2>
20000444:	6641                	lui	a2,0x10
20000446:	95b2                	add	a1,a1,a2
20000448:	0106d613          	srli	a2,a3,0x10
2000044c:	962e                	add	a2,a2,a1
2000044e:	00c76c63          	bltu	a4,a2,20000466 <__udivdi3+0x2c0>
20000452:	06c2                	slli	a3,a3,0x10
20000454:	08034333          	zext.h	t1,t1
20000458:	01151533          	sll	a0,a0,a7
2000045c:	969a                	add	a3,a3,t1
2000045e:	f2d57ae3          	bgeu	a0,a3,20000392 <__udivdi3+0x1ec>
20000462:	f2c718e3          	bne	a4,a2,20000392 <__udivdi3+0x1ec>
20000466:	17fd                	addi	a5,a5,-1
20000468:	b72d                	j	20000392 <__udivdi3+0x1ec>
2000046a:	17f9                	addi	a5,a5,-2
2000046c:	9742                	add	a4,a4,a6
2000046e:	b759                	j	200003f4 <__udivdi3+0x24e>
20000470:	16f9                	addi	a3,a3,-2
20000472:	9742                	add	a4,a4,a6
20000474:	b755                	j	20000418 <__udivdi3+0x272>
20000476:	4801                	li	a6,0
20000478:	4781                	li	a5,0
2000047a:	b3f9                	j	20000248 <__udivdi3+0xa2>

2000047c <__umoddi3>:
2000047c:	88b2                	mv	a7,a2
2000047e:	87aa                	mv	a5,a0
20000480:	882e                	mv	a6,a1
20000482:	1c069363          	bnez	a3,20000648 <__umoddi3+0x1cc>
20000486:	20002737          	lui	a4,0x20002
2000048a:	e9470713          	addi	a4,a4,-364 # 20001e94 <__clz_tab>
2000048e:	0ac5fd63          	bgeu	a1,a2,20000548 <__umoddi3+0xcc>
20000492:	66c1                	lui	a3,0x10
20000494:	0ad67363          	bgeu	a2,a3,2000053a <__umoddi3+0xbe>
20000498:	10063693          	sltiu	a3,a2,256
2000049c:	0016b693          	seqz	a3,a3
200004a0:	068e                	slli	a3,a3,0x3
200004a2:	00d65333          	srl	t1,a2,a3
200004a6:	971a                	add	a4,a4,t1
200004a8:	8318                	lbu	a4,0(a4)
200004aa:	9736                	add	a4,a4,a3
200004ac:	02000693          	li	a3,32
200004b0:	40e68333          	sub	t1,a3,a4
200004b4:	00d70c63          	beq	a4,a3,200004cc <__umoddi3+0x50>
200004b8:	00659833          	sll	a6,a1,t1
200004bc:	00e55733          	srl	a4,a0,a4
200004c0:	006618b3          	sll	a7,a2,t1
200004c4:	01076833          	or	a6,a4,a6
200004c8:	006517b3          	sll	a5,a0,t1
200004cc:	0108d513          	srli	a0,a7,0x10
200004d0:	02a856b3          	divu	a3,a6,a0
200004d4:	0808ce33          	zext.h	t3,a7
200004d8:	0107d713          	srli	a4,a5,0x10
200004dc:	02a87833          	remu	a6,a6,a0
200004e0:	03c686b3          	mul	a3,a3,t3
200004e4:	0842                	slli	a6,a6,0x10
200004e6:	01076733          	or	a4,a4,a6
200004ea:	00d77d63          	bgeu	a4,a3,20000504 <__umoddi3+0x88>
200004ee:	9746                	add	a4,a4,a7
200004f0:	011735b3          	sltu	a1,a4,a7
200004f4:	00d73633          	sltu	a2,a4,a3
200004f8:	0015b593          	seqz	a1,a1
200004fc:	8e6d                	and	a2,a2,a1
200004fe:	03160633          	mul	a2,a2,a7
20000502:	9732                	add	a4,a4,a2
20000504:	8f15                	sub	a4,a4,a3
20000506:	02a756b3          	divu	a3,a4,a0
2000050a:	02a77733          	remu	a4,a4,a0
2000050e:	03c686b3          	mul	a3,a3,t3
20000512:	08e7c533          	pack	a0,a5,a4
20000516:	00d57d63          	bgeu	a0,a3,20000530 <__umoddi3+0xb4>
2000051a:	9546                	add	a0,a0,a7
2000051c:	01153733          	sltu	a4,a0,a7
20000520:	00d537b3          	sltu	a5,a0,a3
20000524:	00173713          	seqz	a4,a4
20000528:	8ff9                	and	a5,a5,a4
2000052a:	031787b3          	mul	a5,a5,a7
2000052e:	953e                	add	a0,a0,a5
20000530:	8d15                	sub	a0,a0,a3
20000532:	00655533          	srl	a0,a0,t1
20000536:	4581                	li	a1,0
20000538:	8082                	ret
2000053a:	01000337          	lui	t1,0x1000
2000053e:	46e1                	li	a3,24
20000540:	f66671e3          	bgeu	a2,t1,200004a2 <__umoddi3+0x26>
20000544:	46c1                	li	a3,16
20000546:	bfb1                	j	200004a2 <__umoddi3+0x26>
20000548:	4681                	li	a3,0
2000054a:	ca09                	beqz	a2,2000055c <__umoddi3+0xe0>
2000054c:	66c1                	lui	a3,0x10
2000054e:	06d67763          	bgeu	a2,a3,200005bc <__umoddi3+0x140>
20000552:	10063693          	sltiu	a3,a2,256
20000556:	0016b693          	seqz	a3,a3
2000055a:	068e                	slli	a3,a3,0x3
2000055c:	00d65833          	srl	a6,a2,a3
20000560:	9742                	add	a4,a4,a6
20000562:	8318                	lbu	a4,0(a4)
20000564:	9736                	add	a4,a4,a3
20000566:	02000693          	li	a3,32
2000056a:	40e68333          	sub	t1,a3,a4
2000056e:	04d71e63          	bne	a4,a3,200005ca <__umoddi3+0x14e>
20000572:	40c58733          	sub	a4,a1,a2
20000576:	0108d593          	srli	a1,a7,0x10
2000057a:	02b75633          	divu	a2,a4,a1
2000057e:	0808c833          	zext.h	a6,a7
20000582:	0107d693          	srli	a3,a5,0x10
20000586:	02b77733          	remu	a4,a4,a1
2000058a:	03060633          	mul	a2,a2,a6
2000058e:	0742                	slli	a4,a4,0x10
20000590:	8f55                	or	a4,a4,a3
20000592:	00c77d63          	bgeu	a4,a2,200005ac <__umoddi3+0x130>
20000596:	9746                	add	a4,a4,a7
20000598:	01173533          	sltu	a0,a4,a7
2000059c:	00c736b3          	sltu	a3,a4,a2
200005a0:	00153513          	seqz	a0,a0
200005a4:	8ee9                	and	a3,a3,a0
200005a6:	031686b3          	mul	a3,a3,a7
200005aa:	9736                	add	a4,a4,a3
200005ac:	8f11                	sub	a4,a4,a2
200005ae:	02b756b3          	divu	a3,a4,a1
200005b2:	02b77733          	remu	a4,a4,a1
200005b6:	030686b3          	mul	a3,a3,a6
200005ba:	bfa1                	j	20000512 <__umoddi3+0x96>
200005bc:	01000837          	lui	a6,0x1000
200005c0:	46e1                	li	a3,24
200005c2:	f9067de3          	bgeu	a2,a6,2000055c <__umoddi3+0xe0>
200005c6:	46c1                	li	a3,16
200005c8:	bf51                	j	2000055c <__umoddi3+0xe0>
200005ca:	006618b3          	sll	a7,a2,t1
200005ce:	00e5d6b3          	srl	a3,a1,a4
200005d2:	006517b3          	sll	a5,a0,t1
200005d6:	00e55733          	srl	a4,a0,a4
200005da:	0108d513          	srli	a0,a7,0x10
200005de:	02a6d633          	divu	a2,a3,a0
200005e2:	0808ce33          	zext.h	t3,a7
200005e6:	006595b3          	sll	a1,a1,t1
200005ea:	8dd9                	or	a1,a1,a4
200005ec:	0105d713          	srli	a4,a1,0x10
200005f0:	02a6f6b3          	remu	a3,a3,a0
200005f4:	03c60633          	mul	a2,a2,t3
200005f8:	06c2                	slli	a3,a3,0x10
200005fa:	8f55                	or	a4,a4,a3
200005fc:	00c77e63          	bgeu	a4,a2,20000618 <__umoddi3+0x19c>
20000600:	9746                	add	a4,a4,a7
20000602:	01173833          	sltu	a6,a4,a7
20000606:	00c736b3          	sltu	a3,a4,a2
2000060a:	00183813          	seqz	a6,a6
2000060e:	0106f6b3          	and	a3,a3,a6
20000612:	031686b3          	mul	a3,a3,a7
20000616:	9736                	add	a4,a4,a3
20000618:	8f11                	sub	a4,a4,a2
2000061a:	02a756b3          	divu	a3,a4,a0
2000061e:	02a77733          	remu	a4,a4,a0
20000622:	03c686b3          	mul	a3,a3,t3
20000626:	08e5c733          	pack	a4,a1,a4
2000062a:	00d77d63          	bgeu	a4,a3,20000644 <__umoddi3+0x1c8>
2000062e:	9746                	add	a4,a4,a7
20000630:	011735b3          	sltu	a1,a4,a7
20000634:	00d73633          	sltu	a2,a4,a3
20000638:	0015b593          	seqz	a1,a1
2000063c:	8e6d                	and	a2,a2,a1
2000063e:	03160633          	mul	a2,a2,a7
20000642:	9732                	add	a4,a4,a2
20000644:	8f15                	sub	a4,a4,a3
20000646:	bf05                	j	20000576 <__umoddi3+0xfa>
20000648:	14d5e663          	bltu	a1,a3,20000794 <__umoddi3+0x318>
2000064c:	6741                	lui	a4,0x10
2000064e:	04e6f563          	bgeu	a3,a4,20000698 <__umoddi3+0x21c>
20000652:	1006b713          	sltiu	a4,a3,256
20000656:	00173713          	seqz	a4,a4
2000065a:	070e                	slli	a4,a4,0x3
2000065c:	200028b7          	lui	a7,0x20002
20000660:	00e6d333          	srl	t1,a3,a4
20000664:	e9488893          	addi	a7,a7,-364 # 20001e94 <__clz_tab>
20000668:	989a                	add	a7,a7,t1
2000066a:	0008c883          	lbu	a7,0(a7)
2000066e:	02000313          	li	t1,32
20000672:	98ba                	add	a7,a7,a4
20000674:	02689963          	bne	a7,t1,200006a6 <__umoddi3+0x22a>
20000678:	00c57463          	bgeu	a0,a2,20000680 <__umoddi3+0x204>
2000067c:	00b6fb63          	bgeu	a3,a1,20000692 <__umoddi3+0x216>
20000680:	40c50833          	sub	a6,a0,a2
20000684:	87c2                	mv	a5,a6
20000686:	40d586b3          	sub	a3,a1,a3
2000068a:	01053833          	sltu	a6,a0,a6
2000068e:	41068833          	sub	a6,a3,a6
20000692:	853e                	mv	a0,a5
20000694:	85c2                	mv	a1,a6
20000696:	8082                	ret
20000698:	010008b7          	lui	a7,0x1000
2000069c:	4761                	li	a4,24
2000069e:	fb16ffe3          	bgeu	a3,a7,2000065c <__umoddi3+0x1e0>
200006a2:	4741                	li	a4,16
200006a4:	bf65                	j	2000065c <__umoddi3+0x1e0>
200006a6:	41130333          	sub	t1,t1,a7
200006aa:	006696b3          	sll	a3,a3,t1
200006ae:	01165e33          	srl	t3,a2,a7
200006b2:	00de6e33          	or	t3,t3,a3
200006b6:	0115d7b3          	srl	a5,a1,a7
200006ba:	010e5e93          	srli	t4,t3,0x10
200006be:	03d7d6b3          	divu	a3,a5,t4
200006c2:	006595b3          	sll	a1,a1,t1
200006c6:	01155833          	srl	a6,a0,a7
200006ca:	00b86833          	or	a6,a6,a1
200006ce:	080e45b3          	zext.h	a1,t3
200006d2:	00661733          	sll	a4,a2,t1
200006d6:	00651533          	sll	a0,a0,t1
200006da:	03d7f7b3          	remu	a5,a5,t4
200006de:	02d58f33          	mul	t5,a1,a3
200006e2:	01079613          	slli	a2,a5,0x10
200006e6:	01085793          	srli	a5,a6,0x10
200006ea:	8fd1                	or	a5,a5,a2
200006ec:	01e7f863          	bgeu	a5,t5,200006fc <__umoddi3+0x280>
200006f0:	97f2                	add	a5,a5,t3
200006f2:	01e7f463          	bgeu	a5,t5,200006fa <__umoddi3+0x27e>
200006f6:	0bc7f063          	bgeu	a5,t3,20000796 <__umoddi3+0x31a>
200006fa:	16fd                	addi	a3,a3,-1 # ffff <HeapSize+0xf7ff>
200006fc:	41e787b3          	sub	a5,a5,t5
20000700:	03d7d633          	divu	a2,a5,t4
20000704:	03d7f7b3          	remu	a5,a5,t4
20000708:	9dd1                	mul	a1,a1,a2
2000070a:	08f847b3          	pack	a5,a6,a5
2000070e:	00b7f863          	bgeu	a5,a1,2000071e <__umoddi3+0x2a2>
20000712:	97f2                	add	a5,a5,t3
20000714:	00b7f463          	bgeu	a5,a1,2000071c <__umoddi3+0x2a0>
20000718:	09c7f263          	bgeu	a5,t3,2000079c <__umoddi3+0x320>
2000071c:	167d                	addi	a2,a2,-1 # ffff <HeapSize+0xf7ff>
2000071e:	06c2                	slli	a3,a3,0x10
20000720:	8ed1                	or	a3,a3,a2
20000722:	82c1                	srli	a3,a3,0x10
20000724:	9e69                	zext.h	a2,a2
20000726:	08074833          	zext.h	a6,a4
2000072a:	40b785b3          	sub	a1,a5,a1
2000072e:	01075793          	srli	a5,a4,0x10
20000732:	03060eb3          	mul	t4,a2,a6
20000736:	03068833          	mul	a6,a3,a6
2000073a:	9e5d                	mul	a2,a2,a5
2000073c:	9edd                	mul	a3,a3,a5
2000073e:	9642                	add	a2,a2,a6
20000740:	010ed793          	srli	a5,t4,0x10
20000744:	97b2                	add	a5,a5,a2
20000746:	0107f463          	bgeu	a5,a6,2000074e <__umoddi3+0x2d2>
2000074a:	6641                	lui	a2,0x10
2000074c:	96b2                	add	a3,a3,a2
2000074e:	0107d613          	srli	a2,a5,0x10
20000752:	080eceb3          	zext.h	t4,t4
20000756:	07c2                	slli	a5,a5,0x10
20000758:	96b2                	add	a3,a3,a2
2000075a:	97f6                	add	a5,a5,t4
2000075c:	00d5e663          	bltu	a1,a3,20000768 <__umoddi3+0x2ec>
20000760:	00f57c63          	bgeu	a0,a5,20000778 <__umoddi3+0x2fc>
20000764:	00d59a63          	bne	a1,a3,20000778 <__umoddi3+0x2fc>
20000768:	40e78733          	sub	a4,a5,a4
2000076c:	00e7b633          	sltu	a2,a5,a4
20000770:	87ba                	mv	a5,a4
20000772:	01c60733          	add	a4,a2,t3
20000776:	8e99                	sub	a3,a3,a4
20000778:	40f507b3          	sub	a5,a0,a5
2000077c:	00f53533          	sltu	a0,a0,a5
20000780:	8d95                	sub	a1,a1,a3
20000782:	8d89                	sub	a1,a1,a0
20000784:	011598b3          	sll	a7,a1,a7
20000788:	0067d7b3          	srl	a5,a5,t1
2000078c:	00f8e533          	or	a0,a7,a5
20000790:	0065d5b3          	srl	a1,a1,t1
20000794:	8082                	ret
20000796:	16f9                	addi	a3,a3,-2
20000798:	97f2                	add	a5,a5,t3
2000079a:	b78d                	j	200006fc <__umoddi3+0x280>
2000079c:	1679                	addi	a2,a2,-2 # fffe <HeapSize+0xf7fe>
2000079e:	97f2                	add	a5,a5,t3
200007a0:	bfbd                	j	2000071e <__umoddi3+0x2a2>

200007a2 <__adddf3>:
200007a2:	00100837          	lui	a6,0x100
200007a6:	187d                	addi	a6,a6,-1 # fffff <HeapSize+0xff7ff>
200007a8:	00b877b3          	and	a5,a6,a1
200007ac:	0145d713          	srli	a4,a1,0x14
200007b0:	00d87833          	and	a6,a6,a3
200007b4:	0146de13          	srli	t3,a3,0x14
200007b8:	01d55893          	srli	a7,a0,0x1d
200007bc:	080e                	slli	a6,a6,0x3
200007be:	01d65313          	srli	t1,a2,0x1d
200007c2:	7ff77713          	andi	a4,a4,2047
200007c6:	078e                	slli	a5,a5,0x3
200007c8:	7ffe7e13          	andi	t3,t3,2047
200007cc:	81fd                	srli	a1,a1,0x1f
200007ce:	82fd                	srli	a3,a3,0x1f
200007d0:	00f8e7b3          	or	a5,a7,a5
200007d4:	01036333          	or	t1,t1,a6
200007d8:	050e                	slli	a0,a0,0x3
200007da:	060e                	slli	a2,a2,0x3
200007dc:	41c70833          	sub	a6,a4,t3
200007e0:	7ff00893          	li	a7,2047
200007e4:	24d59263          	bne	a1,a3,20000a28 <__adddf3+0x286>
200007e8:	0d005863          	blez	a6,200008b8 <__adddf3+0x116>
200007ec:	020e1463          	bnez	t3,20000814 <__adddf3+0x72>
200007f0:	00c366b3          	or	a3,t1,a2
200007f4:	ce91                	beqz	a3,20000810 <__adddf3+0x6e>
200007f6:	fff70813          	addi	a6,a4,-1 # ffff <HeapSize+0xf7ff>
200007fa:	00081963          	bnez	a6,2000080c <__adddf3+0x6a>
200007fe:	962a                	add	a2,a2,a0
20000800:	979a                	add	a5,a5,t1
20000802:	00a63533          	sltu	a0,a2,a0
20000806:	97aa                	add	a5,a5,a0
20000808:	4705                	li	a4,1
2000080a:	a889                	j	2000085c <__adddf3+0xba>
2000080c:	01171863          	bne	a4,a7,2000081c <__adddf3+0x7a>
20000810:	862a                	mv	a2,a0
20000812:	aab5                	j	2000098e <__adddf3+0x1ec>
20000814:	ff170ee3          	beq	a4,a7,20000810 <__adddf3+0x6e>
20000818:	29731313          	bseti	t1,t1,0x17
2000081c:	03800693          	li	a3,56
20000820:	0906c763          	blt	a3,a6,200008ae <__adddf3+0x10c>
20000824:	46fd                	li	a3,31
20000826:	02000e13          	li	t3,32
2000082a:	0506cd63          	blt	a3,a6,20000884 <__adddf3+0xe2>
2000082e:	410e0e33          	sub	t3,t3,a6
20000832:	01c316b3          	sll	a3,t1,t3
20000836:	010658b3          	srl	a7,a2,a6
2000083a:	01c61e33          	sll	t3,a2,t3
2000083e:	0116e6b3          	or	a3,a3,a7
20000842:	01c03e33          	snez	t3,t3
20000846:	01c6e6b3          	or	a3,a3,t3
2000084a:	01035833          	srl	a6,t1,a6
2000084e:	00a68633          	add	a2,a3,a0
20000852:	983e                	add	a6,a6,a5
20000854:	00d636b3          	sltu	a3,a2,a3
20000858:	00d807b3          	add	a5,a6,a3
2000085c:	00879693          	slli	a3,a5,0x8
20000860:	1806d863          	bgez	a3,200009f0 <__adddf3+0x24e>
20000864:	0705                	addi	a4,a4,1
20000866:	7ff00693          	li	a3,2047
2000086a:	1ad70c63          	beq	a4,a3,20000a22 <__adddf3+0x280>
2000086e:	00165693          	srli	a3,a2,0x1
20000872:	8a05                	andi	a2,a2,1
20000874:	49779513          	bclri	a0,a5,0x17
20000878:	8e55                	or	a2,a2,a3
2000087a:	07fe                	slli	a5,a5,0x1f
2000087c:	8e5d                	or	a2,a2,a5
2000087e:	00155793          	srli	a5,a0,0x1
20000882:	a2bd                	j	200009f0 <__adddf3+0x24e>
20000884:	fe080693          	addi	a3,a6,-32
20000888:	00d356b3          	srl	a3,t1,a3
2000088c:	4881                	li	a7,0
2000088e:	01c80863          	beq	a6,t3,2000089e <__adddf3+0xfc>
20000892:	04000893          	li	a7,64
20000896:	410888b3          	sub	a7,a7,a6
2000089a:	011318b3          	sll	a7,t1,a7
2000089e:	00c8e8b3          	or	a7,a7,a2
200008a2:	011038b3          	snez	a7,a7
200008a6:	0116e6b3          	or	a3,a3,a7
200008aa:	4801                	li	a6,0
200008ac:	b74d                	j	2000084e <__adddf3+0xac>
200008ae:	00c366b3          	or	a3,t1,a2
200008b2:	00d036b3          	snez	a3,a3
200008b6:	bfd5                	j	200008aa <__adddf3+0x108>
200008b8:	0a080063          	beqz	a6,20000958 <__adddf3+0x1b6>
200008bc:	40ee0833          	sub	a6,t3,a4
200008c0:	ef01                	bnez	a4,200008d8 <__adddf3+0x136>
200008c2:	00a7e733          	or	a4,a5,a0
200008c6:	c711                	beqz	a4,200008d2 <__adddf3+0x130>
200008c8:	fff80693          	addi	a3,a6,-1
200008cc:	da8d                	beqz	a3,200007fe <__adddf3+0x5c>
200008ce:	01181a63          	bne	a6,a7,200008e2 <__adddf3+0x140>
200008d2:	879a                	mv	a5,t1
200008d4:	8742                	mv	a4,a6
200008d6:	a865                	j	2000098e <__adddf3+0x1ec>
200008d8:	431e0e63          	beq	t3,a7,20000d14 <__adddf3+0x572>
200008dc:	29779793          	bseti	a5,a5,0x17
200008e0:	86c2                	mv	a3,a6
200008e2:	03800713          	li	a4,56
200008e6:	06d74463          	blt	a4,a3,2000094e <__adddf3+0x1ac>
200008ea:	477d                	li	a4,31
200008ec:	02000893          	li	a7,32
200008f0:	02d74a63          	blt	a4,a3,20000924 <__adddf3+0x182>
200008f4:	40d888b3          	sub	a7,a7,a3
200008f8:	01179733          	sll	a4,a5,a7
200008fc:	00d55833          	srl	a6,a0,a3
20000900:	011518b3          	sll	a7,a0,a7
20000904:	01076733          	or	a4,a4,a6
20000908:	011038b3          	snez	a7,a7
2000090c:	01176733          	or	a4,a4,a7
20000910:	00d7d6b3          	srl	a3,a5,a3
20000914:	963a                	add	a2,a2,a4
20000916:	00e63733          	sltu	a4,a2,a4
2000091a:	969a                	add	a3,a3,t1
2000091c:	00e687b3          	add	a5,a3,a4
20000920:	8772                	mv	a4,t3
20000922:	bf2d                	j	2000085c <__adddf3+0xba>
20000924:	fe068713          	addi	a4,a3,-32
20000928:	00e7d733          	srl	a4,a5,a4
2000092c:	4801                	li	a6,0
2000092e:	01168863          	beq	a3,a7,2000093e <__adddf3+0x19c>
20000932:	04000813          	li	a6,64
20000936:	40d80833          	sub	a6,a6,a3
2000093a:	01079833          	sll	a6,a5,a6
2000093e:	00a86833          	or	a6,a6,a0
20000942:	01003833          	snez	a6,a6
20000946:	01076733          	or	a4,a4,a6
2000094a:	4681                	li	a3,0
2000094c:	b7e1                	j	20000914 <__adddf3+0x172>
2000094e:	00a7e733          	or	a4,a5,a0
20000952:	00e03733          	snez	a4,a4
20000956:	bfd5                	j	2000094a <__adddf3+0x1a8>
20000958:	00170693          	addi	a3,a4,1
2000095c:	7fe6f813          	andi	a6,a3,2046
20000960:	06081b63          	bnez	a6,200009d6 <__adddf3+0x234>
20000964:	00a7e6b3          	or	a3,a5,a0
20000968:	ef39                	bnez	a4,200009c6 <__adddf3+0x224>
2000096a:	38068b63          	beqz	a3,20000d00 <__adddf3+0x55e>
2000096e:	00c36733          	or	a4,t1,a2
20000972:	38070963          	beqz	a4,20000d04 <__adddf3+0x562>
20000976:	962a                	add	a2,a2,a0
20000978:	979a                	add	a5,a5,t1
2000097a:	00a63533          	sltu	a0,a2,a0
2000097e:	97aa                	add	a5,a5,a0
20000980:	00879713          	slli	a4,a5,0x8
20000984:	26075a63          	bgez	a4,20000bf8 <__adddf3+0x456>
20000988:	49779793          	bclri	a5,a5,0x17
2000098c:	4705                	li	a4,1
2000098e:	820d                	srli	a2,a2,0x3
20000990:	01d79693          	slli	a3,a5,0x1d
20000994:	8ed1                	or	a3,a3,a2
20000996:	7ff00613          	li	a2,2047
2000099a:	838d                	srli	a5,a5,0x3
2000099c:	00c71963          	bne	a4,a2,200009ae <__adddf3+0x20c>
200009a0:	8edd                	or	a3,a3,a5
200009a2:	4781                	li	a5,0
200009a4:	c689                	beqz	a3,200009ae <__adddf3+0x20c>
200009a6:	000807b7          	lui	a5,0x80
200009aa:	4681                	li	a3,0
200009ac:	4581                	li	a1,0
200009ae:	7ff77713          	andi	a4,a4,2047
200009b2:	07b2                	slli	a5,a5,0xc
200009b4:	83b1                	srli	a5,a5,0xc
200009b6:	0752                	slli	a4,a4,0x14
200009b8:	8f5d                	or	a4,a4,a5
200009ba:	05fe                	slli	a1,a1,0x1f
200009bc:	00b767b3          	or	a5,a4,a1
200009c0:	8536                	mv	a0,a3
200009c2:	85be                	mv	a1,a5
200009c4:	8082                	ret
200009c6:	34068163          	beqz	a3,20000d08 <__adddf3+0x566>
200009ca:	00c36333          	or	t1,t1,a2
200009ce:	24031763          	bnez	t1,20000c1c <__adddf3+0x47a>
200009d2:	862a                	mv	a2,a0
200009d4:	ae1d                	j	20000d0a <__adddf3+0x568>
200009d6:	33168c63          	beq	a3,a7,20000d0e <__adddf3+0x56c>
200009da:	962a                	add	a2,a2,a0
200009dc:	00a63533          	sltu	a0,a2,a0
200009e0:	979a                	add	a5,a5,t1
200009e2:	97aa                	add	a5,a5,a0
200009e4:	01f79713          	slli	a4,a5,0x1f
200009e8:	8205                	srli	a2,a2,0x1
200009ea:	8e59                	or	a2,a2,a4
200009ec:	8385                	srli	a5,a5,0x1
200009ee:	8736                	mv	a4,a3
200009f0:	00767693          	andi	a3,a2,7
200009f4:	ce81                	beqz	a3,20000a0c <__adddf3+0x26a>
200009f6:	00f67693          	andi	a3,a2,15
200009fa:	4511                	li	a0,4
200009fc:	00a68863          	beq	a3,a0,20000a0c <__adddf3+0x26a>
20000a00:	00a606b3          	add	a3,a2,a0
20000a04:	00c6b533          	sltu	a0,a3,a2
20000a08:	97aa                	add	a5,a5,a0
20000a0a:	8636                	mv	a2,a3
20000a0c:	00879693          	slli	a3,a5,0x8
20000a10:	f606dfe3          	bgez	a3,2000098e <__adddf3+0x1ec>
20000a14:	0705                	addi	a4,a4,1
20000a16:	7ff00693          	li	a3,2047
20000a1a:	49779793          	bclri	a5,a5,0x17
20000a1e:	f6d718e3          	bne	a4,a3,2000098e <__adddf3+0x1ec>
20000a22:	4781                	li	a5,0
20000a24:	4601                	li	a2,0
20000a26:	b7a5                	j	2000098e <__adddf3+0x1ec>
20000a28:	0d005263          	blez	a6,20000aec <__adddf3+0x34a>
20000a2c:	080e1163          	bnez	t3,20000aae <__adddf3+0x30c>
20000a30:	00c366b3          	or	a3,t1,a2
20000a34:	dc068ee3          	beqz	a3,20000810 <__adddf3+0x6e>
20000a38:	fff70813          	addi	a6,a4,-1
20000a3c:	00081b63          	bnez	a6,20000a52 <__adddf3+0x2b0>
20000a40:	40c50633          	sub	a2,a0,a2
20000a44:	406787b3          	sub	a5,a5,t1
20000a48:	00c53533          	sltu	a0,a0,a2
20000a4c:	8f89                	sub	a5,a5,a0
20000a4e:	4705                	li	a4,1
20000a50:	a0a1                	j	20000a98 <__adddf3+0x2f6>
20000a52:	db170fe3          	beq	a4,a7,20000810 <__adddf3+0x6e>
20000a56:	03800693          	li	a3,56
20000a5a:	0906c463          	blt	a3,a6,20000ae2 <__adddf3+0x340>
20000a5e:	46fd                	li	a3,31
20000a60:	02000e13          	li	t3,32
20000a64:	0506ca63          	blt	a3,a6,20000ab8 <__adddf3+0x316>
20000a68:	410e0e33          	sub	t3,t3,a6
20000a6c:	01c316b3          	sll	a3,t1,t3
20000a70:	010658b3          	srl	a7,a2,a6
20000a74:	01c61e33          	sll	t3,a2,t3
20000a78:	0116e6b3          	or	a3,a3,a7
20000a7c:	01c03e33          	snez	t3,t3
20000a80:	01c6e6b3          	or	a3,a3,t3
20000a84:	01035833          	srl	a6,t1,a6
20000a88:	40d50633          	sub	a2,a0,a3
20000a8c:	41078833          	sub	a6,a5,a6
20000a90:	00c53533          	sltu	a0,a0,a2
20000a94:	40a807b3          	sub	a5,a6,a0
20000a98:	00879693          	slli	a3,a5,0x8
20000a9c:	f406dae3          	bgez	a3,200009f0 <__adddf3+0x24e>
20000aa0:	008008b7          	lui	a7,0x800
20000aa4:	18fd                	addi	a7,a7,-1 # 7fffff <HeapSize+0x7ff7ff>
20000aa6:	0117f8b3          	and	a7,a5,a7
20000aaa:	8832                	mv	a6,a2
20000aac:	a275                	j	20000c58 <__adddf3+0x4b6>
20000aae:	d71701e3          	beq	a4,a7,20000810 <__adddf3+0x6e>
20000ab2:	29731313          	bseti	t1,t1,0x17
20000ab6:	b745                	j	20000a56 <__adddf3+0x2b4>
20000ab8:	fe080693          	addi	a3,a6,-32
20000abc:	00d356b3          	srl	a3,t1,a3
20000ac0:	4881                	li	a7,0
20000ac2:	01c80863          	beq	a6,t3,20000ad2 <__adddf3+0x330>
20000ac6:	04000893          	li	a7,64
20000aca:	410888b3          	sub	a7,a7,a6
20000ace:	011318b3          	sll	a7,t1,a7
20000ad2:	00c8e8b3          	or	a7,a7,a2
20000ad6:	011038b3          	snez	a7,a7
20000ada:	0116e6b3          	or	a3,a3,a7
20000ade:	4801                	li	a6,0
20000ae0:	b765                	j	20000a88 <__adddf3+0x2e6>
20000ae2:	00c366b3          	or	a3,t1,a2
20000ae6:	00d036b3          	snez	a3,a3
20000aea:	bfd5                	j	20000ade <__adddf3+0x33c>
20000aec:	0a080d63          	beqz	a6,20000ba6 <__adddf3+0x404>
20000af0:	40ee0833          	sub	a6,t3,a4
20000af4:	e70d                	bnez	a4,20000b1e <__adddf3+0x37c>
20000af6:	00a7e733          	or	a4,a5,a0
20000afa:	c305                	beqz	a4,20000b1a <__adddf3+0x378>
20000afc:	fff80713          	addi	a4,a6,-1
20000b00:	eb19                	bnez	a4,20000b16 <__adddf3+0x374>
20000b02:	40a60533          	sub	a0,a2,a0
20000b06:	00a63733          	sltu	a4,a2,a0
20000b0a:	40f307b3          	sub	a5,t1,a5
20000b0e:	862a                	mv	a2,a0
20000b10:	8f99                	sub	a5,a5,a4
20000b12:	85b6                	mv	a1,a3
20000b14:	bf2d                	j	20000a4e <__adddf3+0x2ac>
20000b16:	01181963          	bne	a6,a7,20000b28 <__adddf3+0x386>
20000b1a:	85b6                	mv	a1,a3
20000b1c:	bb5d                	j	200008d2 <__adddf3+0x130>
20000b1e:	1f1e0a63          	beq	t3,a7,20000d12 <__adddf3+0x570>
20000b22:	29779793          	bseti	a5,a5,0x17
20000b26:	8742                	mv	a4,a6
20000b28:	03800593          	li	a1,56
20000b2c:	06e5c863          	blt	a1,a4,20000b9c <__adddf3+0x3fa>
20000b30:	45fd                	li	a1,31
20000b32:	02000893          	li	a7,32
20000b36:	02e5ce63          	blt	a1,a4,20000b72 <__adddf3+0x3d0>
20000b3a:	40e888b3          	sub	a7,a7,a4
20000b3e:	011795b3          	sll	a1,a5,a7
20000b42:	00e55833          	srl	a6,a0,a4
20000b46:	011518b3          	sll	a7,a0,a7
20000b4a:	0105e5b3          	or	a1,a1,a6
20000b4e:	011038b3          	snez	a7,a7
20000b52:	0115e5b3          	or	a1,a1,a7
20000b56:	00e7d733          	srl	a4,a5,a4
20000b5a:	40b605b3          	sub	a1,a2,a1
20000b5e:	00b637b3          	sltu	a5,a2,a1
20000b62:	40e30733          	sub	a4,t1,a4
20000b66:	862e                	mv	a2,a1
20000b68:	40f707b3          	sub	a5,a4,a5
20000b6c:	85b6                	mv	a1,a3
20000b6e:	8772                	mv	a4,t3
20000b70:	b725                	j	20000a98 <__adddf3+0x2f6>
20000b72:	fe070593          	addi	a1,a4,-32
20000b76:	00b7d5b3          	srl	a1,a5,a1
20000b7a:	4801                	li	a6,0
20000b7c:	01170863          	beq	a4,a7,20000b8c <__adddf3+0x3ea>
20000b80:	04000813          	li	a6,64
20000b84:	40e80833          	sub	a6,a6,a4
20000b88:	01079833          	sll	a6,a5,a6
20000b8c:	00a86833          	or	a6,a6,a0
20000b90:	01003833          	snez	a6,a6
20000b94:	0105e5b3          	or	a1,a1,a6
20000b98:	4701                	li	a4,0
20000b9a:	b7c1                	j	20000b5a <__adddf3+0x3b8>
20000b9c:	00a7e5b3          	or	a1,a5,a0
20000ba0:	00b035b3          	snez	a1,a1
20000ba4:	bfd5                	j	20000b98 <__adddf3+0x3f6>
20000ba6:	00170813          	addi	a6,a4,1
20000baa:	7fe87813          	andi	a6,a6,2046
20000bae:	06081f63          	bnez	a6,20000c2c <__adddf3+0x48a>
20000bb2:	00a7ee33          	or	t3,a5,a0
20000bb6:	00c36833          	or	a6,t1,a2
20000bba:	ef21                	bnez	a4,20000c12 <__adddf3+0x470>
20000bbc:	000e1763          	bnez	t3,20000bca <__adddf3+0x428>
20000bc0:	879a                	mv	a5,t1
20000bc2:	02081a63          	bnez	a6,20000bf6 <__adddf3+0x454>
20000bc6:	4581                	li	a1,0
20000bc8:	bda9                	j	20000a22 <__adddf3+0x280>
20000bca:	12080d63          	beqz	a6,20000d04 <__adddf3+0x562>
20000bce:	40c508b3          	sub	a7,a0,a2
20000bd2:	01153e33          	sltu	t3,a0,a7
20000bd6:	40678833          	sub	a6,a5,t1
20000bda:	41c80833          	sub	a6,a6,t3
20000bde:	00881e13          	slli	t3,a6,0x8
20000be2:	020e5163          	bgez	t3,20000c04 <__adddf3+0x462>
20000be6:	40a60533          	sub	a0,a2,a0
20000bea:	00a63733          	sltu	a4,a2,a0
20000bee:	40f307b3          	sub	a5,t1,a5
20000bf2:	862a                	mv	a2,a0
20000bf4:	8f99                	sub	a5,a5,a4
20000bf6:	85b6                	mv	a1,a3
20000bf8:	00f66733          	or	a4,a2,a5
20000bfc:	e20703e3          	beqz	a4,20000a22 <__adddf3+0x280>
20000c00:	4701                	li	a4,0
20000c02:	b3fd                	j	200009f0 <__adddf3+0x24e>
20000c04:	0108e633          	or	a2,a7,a6
20000c08:	10060963          	beqz	a2,20000d1a <__adddf3+0x578>
20000c0c:	87c2                	mv	a5,a6
20000c0e:	8646                	mv	a2,a7
20000c10:	b7e5                	j	20000bf8 <__adddf3+0x456>
20000c12:	000e1a63          	bnez	t3,20000c26 <__adddf3+0x484>
20000c16:	85b6                	mv	a1,a3
20000c18:	0e081863          	bnez	a6,20000d08 <__adddf3+0x566>
20000c1c:	4581                	li	a1,0
20000c1e:	004007b7          	lui	a5,0x400
20000c22:	4601                	li	a2,0
20000c24:	a0dd                	j	20000d0a <__adddf3+0x568>
20000c26:	da0806e3          	beqz	a6,200009d2 <__adddf3+0x230>
20000c2a:	bfcd                	j	20000c1c <__adddf3+0x47a>
20000c2c:	40c50e33          	sub	t3,a0,a2
20000c30:	01c53eb3          	sltu	t4,a0,t3
20000c34:	406788b3          	sub	a7,a5,t1
20000c38:	41d888b3          	sub	a7,a7,t4
20000c3c:	00889e93          	slli	t4,a7,0x8
20000c40:	8872                	mv	a6,t3
20000c42:	060ed563          	bgez	t4,20000cac <__adddf3+0x50a>
20000c46:	40a60833          	sub	a6,a2,a0
20000c4a:	40f308b3          	sub	a7,t1,a5
20000c4e:	01063633          	sltu	a2,a2,a6
20000c52:	40c888b3          	sub	a7,a7,a2
20000c56:	85b6                	mv	a1,a3
20000c58:	06088163          	beqz	a7,20000cba <__adddf3+0x518>
20000c5c:	60089693          	clz	a3,a7
20000c60:	16e1                	addi	a3,a3,-8
20000c62:	02000793          	li	a5,32
20000c66:	8f95                	sub	a5,a5,a3
20000c68:	00d898b3          	sll	a7,a7,a3
20000c6c:	00f857b3          	srl	a5,a6,a5
20000c70:	0117e7b3          	or	a5,a5,a7
20000c74:	00d81633          	sll	a2,a6,a3
20000c78:	08e6c063          	blt	a3,a4,20000cf8 <__adddf3+0x556>
20000c7c:	8e99                	sub	a3,a3,a4
20000c7e:	00168813          	addi	a6,a3,1
20000c82:	477d                	li	a4,31
20000c84:	02000513          	li	a0,32
20000c88:	05074563          	blt	a4,a6,20000cd2 <__adddf3+0x530>
20000c8c:	41050533          	sub	a0,a0,a6
20000c90:	00a79733          	sll	a4,a5,a0
20000c94:	010656b3          	srl	a3,a2,a6
20000c98:	00a61533          	sll	a0,a2,a0
20000c9c:	8f55                	or	a4,a4,a3
20000c9e:	00a03533          	snez	a0,a0
20000ca2:	00a76633          	or	a2,a4,a0
20000ca6:	0107d7b3          	srl	a5,a5,a6
20000caa:	b7b9                	j	20000bf8 <__adddf3+0x456>
20000cac:	011e6633          	or	a2,t3,a7
20000cb0:	f645                	bnez	a2,20000c58 <__adddf3+0x4b6>
20000cb2:	4581                	li	a1,0
20000cb4:	4781                	li	a5,0
20000cb6:	4701                	li	a4,0
20000cb8:	b9d9                	j	2000098e <__adddf3+0x1ec>
20000cba:	60081793          	clz	a5,a6
20000cbe:	01878693          	addi	a3,a5,24 # 400018 <HeapSize+0x3ff818>
20000cc2:	467d                	li	a2,31
20000cc4:	f8d65fe3          	bge	a2,a3,20000c62 <__adddf3+0x4c0>
20000cc8:	17e1                	addi	a5,a5,-8
20000cca:	00f817b3          	sll	a5,a6,a5
20000cce:	4601                	li	a2,0
20000cd0:	b765                	j	20000c78 <__adddf3+0x4d6>
20000cd2:	1685                	addi	a3,a3,-31
20000cd4:	00d7d6b3          	srl	a3,a5,a3
20000cd8:	4701                	li	a4,0
20000cda:	00a80863          	beq	a6,a0,20000cea <__adddf3+0x548>
20000cde:	04000713          	li	a4,64
20000ce2:	41070733          	sub	a4,a4,a6
20000ce6:	00e79733          	sll	a4,a5,a4
20000cea:	8f51                	or	a4,a4,a2
20000cec:	00e03733          	snez	a4,a4
20000cf0:	00e6e633          	or	a2,a3,a4
20000cf4:	4781                	li	a5,0
20000cf6:	b709                	j	20000bf8 <__adddf3+0x456>
20000cf8:	8f15                	sub	a4,a4,a3
20000cfa:	49779793          	bclri	a5,a5,0x17
20000cfe:	b9cd                	j	200009f0 <__adddf3+0x24e>
20000d00:	879a                	mv	a5,t1
20000d02:	bddd                	j	20000bf8 <__adddf3+0x456>
20000d04:	862a                	mv	a2,a0
20000d06:	bdcd                	j	20000bf8 <__adddf3+0x456>
20000d08:	879a                	mv	a5,t1
20000d0a:	8746                	mv	a4,a7
20000d0c:	b149                	j	2000098e <__adddf3+0x1ec>
20000d0e:	8736                	mv	a4,a3
20000d10:	bb09                	j	20000a22 <__adddf3+0x280>
20000d12:	85b6                	mv	a1,a3
20000d14:	879a                	mv	a5,t1
20000d16:	8772                	mv	a4,t3
20000d18:	b99d                	j	2000098e <__adddf3+0x1ec>
20000d1a:	4581                	li	a1,0
20000d1c:	4781                	li	a5,0
20000d1e:	b985                	j	2000098e <__adddf3+0x1ec>

20000d20 <__divdf3>:
20000d20:	0145d893          	srli	a7,a1,0x14
20000d24:	00c59793          	slli	a5,a1,0xc
20000d28:	b862                	cm.push	{ra,s0-s1},-16
20000d2a:	7ff8f893          	andi	a7,a7,2047
20000d2e:	83b1                	srli	a5,a5,0xc
20000d30:	81fd                	srli	a1,a1,0x1f
20000d32:	06088e63          	beqz	a7,20000dae <__divdf3+0x8e>
20000d36:	7ff00713          	li	a4,2047
20000d3a:	0ce88363          	beq	a7,a4,20000e00 <__divdf3+0xe0>
20000d3e:	01d55813          	srli	a6,a0,0x1d
20000d42:	078e                	slli	a5,a5,0x3
20000d44:	00f86833          	or	a6,a6,a5
20000d48:	29781813          	bseti	a6,a6,0x17
20000d4c:	00351f13          	slli	t5,a0,0x3
20000d50:	c0188893          	addi	a7,a7,-1023
20000d54:	4e01                	li	t3,0
20000d56:	0146d713          	srli	a4,a3,0x14
20000d5a:	00c69793          	slli	a5,a3,0xc
20000d5e:	7ff77713          	andi	a4,a4,2047
20000d62:	83b1                	srli	a5,a5,0xc
20000d64:	82fd                	srli	a3,a3,0x1f
20000d66:	cf45                	beqz	a4,20000e1e <__divdf3+0xfe>
20000d68:	7ff00513          	li	a0,2047
20000d6c:	10a70163          	beq	a4,a0,20000e6e <__divdf3+0x14e>
20000d70:	01d65513          	srli	a0,a2,0x1d
20000d74:	078e                	slli	a5,a5,0x3
20000d76:	8fc9                	or	a5,a5,a0
20000d78:	29779793          	bseti	a5,a5,0x17
20000d7c:	00361513          	slli	a0,a2,0x3
20000d80:	c0170713          	addi	a4,a4,-1023
20000d84:	4301                	li	t1,0
20000d86:	40e888b3          	sub	a7,a7,a4
20000d8a:	002e1713          	slli	a4,t3,0x2
20000d8e:	00676733          	or	a4,a4,t1
20000d92:	177d                	addi	a4,a4,-1
20000d94:	4eb9                	li	t4,14
20000d96:	00d5c633          	xor	a2,a1,a3
20000d9a:	0eeee763          	bltu	t4,a4,20000e88 <__divdf3+0x168>
20000d9e:	20002eb7          	lui	t4,0x20002
20000da2:	e58e8e93          	addi	t4,t4,-424 # 20001e58 <__floatunsidf+0x3c>
20000da6:	21d74733          	sh2add	a4,a4,t4
20000daa:	4318                	lw	a4,0(a4)
20000dac:	8702                	jr	a4
20000dae:	00a7e833          	or	a6,a5,a0
20000db2:	04080e63          	beqz	a6,20000e0e <__divdf3+0xee>
20000db6:	cb85                	beqz	a5,20000de6 <__divdf3+0xc6>
20000db8:	60079713          	clz	a4,a5
20000dbc:	ff570893          	addi	a7,a4,-11
20000dc0:	4875                	li	a6,29
20000dc2:	ff870313          	addi	t1,a4,-8
20000dc6:	41180833          	sub	a6,a6,a7
20000dca:	006797b3          	sll	a5,a5,t1
20000dce:	01055833          	srl	a6,a0,a6
20000dd2:	00f86833          	or	a6,a6,a5
20000dd6:	006517b3          	sll	a5,a0,t1
20000dda:	c0d00893          	li	a7,-1011
20000dde:	40e888b3          	sub	a7,a7,a4
20000de2:	8f3e                	mv	t5,a5
20000de4:	bf85                	j	20000d54 <__divdf3+0x34>
20000de6:	60051813          	clz	a6,a0
20000dea:	01580893          	addi	a7,a6,21
20000dee:	4371                	li	t1,28
20000df0:	02080713          	addi	a4,a6,32
20000df4:	fd1356e3          	bge	t1,a7,20000dc0 <__divdf3+0xa0>
20000df8:	1861                	addi	a6,a6,-8
20000dfa:	01051833          	sll	a6,a0,a6
20000dfe:	bff1                	j	20000dda <__divdf3+0xba>
20000e00:	00a7e833          	or	a6,a5,a0
20000e04:	00081963          	bnez	a6,20000e16 <__divdf3+0xf6>
20000e08:	4f01                	li	t5,0
20000e0a:	4e09                	li	t3,2
20000e0c:	b7a9                	j	20000d56 <__divdf3+0x36>
20000e0e:	4f01                	li	t5,0
20000e10:	4881                	li	a7,0
20000e12:	4e05                	li	t3,1
20000e14:	b789                	j	20000d56 <__divdf3+0x36>
20000e16:	8f2a                	mv	t5,a0
20000e18:	883e                	mv	a6,a5
20000e1a:	4e0d                	li	t3,3
20000e1c:	bf2d                	j	20000d56 <__divdf3+0x36>
20000e1e:	00c7e533          	or	a0,a5,a2
20000e22:	cd21                	beqz	a0,20000e7a <__divdf3+0x15a>
20000e24:	cb85                	beqz	a5,20000e54 <__divdf3+0x134>
20000e26:	60079513          	clz	a0,a5
20000e2a:	ff550e93          	addi	t4,a0,-11
20000e2e:	4375                	li	t1,29
20000e30:	ff850713          	addi	a4,a0,-8
20000e34:	41d30333          	sub	t1,t1,t4
20000e38:	00e797b3          	sll	a5,a5,a4
20000e3c:	00665333          	srl	t1,a2,t1
20000e40:	00f36333          	or	t1,t1,a5
20000e44:	00e617b3          	sll	a5,a2,a4
20000e48:	c0d00713          	li	a4,-1011
20000e4c:	8f09                	sub	a4,a4,a0
20000e4e:	853e                	mv	a0,a5
20000e50:	879a                	mv	a5,t1
20000e52:	bf0d                	j	20000d84 <__divdf3+0x64>
20000e54:	60061713          	clz	a4,a2
20000e58:	01570e93          	addi	t4,a4,21
20000e5c:	4371                	li	t1,28
20000e5e:	02070513          	addi	a0,a4,32
20000e62:	fdd356e3          	bge	t1,t4,20000e2e <__divdf3+0x10e>
20000e66:	1761                	addi	a4,a4,-8
20000e68:	00e61333          	sll	t1,a2,a4
20000e6c:	bff1                	j	20000e48 <__divdf3+0x128>
20000e6e:	00c7e533          	or	a0,a5,a2
20000e72:	e901                	bnez	a0,20000e82 <__divdf3+0x162>
20000e74:	4781                	li	a5,0
20000e76:	4309                	li	t1,2
20000e78:	b739                	j	20000d86 <__divdf3+0x66>
20000e7a:	4781                	li	a5,0
20000e7c:	4701                	li	a4,0
20000e7e:	4305                	li	t1,1
20000e80:	b719                	j	20000d86 <__divdf3+0x66>
20000e82:	8532                	mv	a0,a2
20000e84:	430d                	li	t1,3
20000e86:	b701                	j	20000d86 <__divdf3+0x66>
20000e88:	0107e663          	bltu	a5,a6,20000e94 <__divdf3+0x174>
20000e8c:	24f81563          	bne	a6,a5,200010d6 <__divdf3+0x3b6>
20000e90:	24af6363          	bltu	t5,a0,200010d6 <__divdf3+0x3b6>
20000e94:	01f81593          	slli	a1,a6,0x1f
20000e98:	001f5713          	srli	a4,t5,0x1
20000e9c:	01ff1693          	slli	a3,t5,0x1f
20000ea0:	00185813          	srli	a6,a6,0x1
20000ea4:	00e5ef33          	or	t5,a1,a4
20000ea8:	00879e13          	slli	t3,a5,0x8
20000eac:	01855593          	srli	a1,a0,0x18
20000eb0:	01c5e5b3          	or	a1,a1,t3
20000eb4:	010e5e13          	srli	t3,t3,0x10
20000eb8:	00851313          	slli	t1,a0,0x8
20000ebc:	03c85533          	divu	a0,a6,t3
20000ec0:	0805ceb3          	zext.h	t4,a1
20000ec4:	010f5793          	srli	a5,t5,0x10
20000ec8:	03c87833          	remu	a6,a6,t3
20000ecc:	02ae8733          	mul	a4,t4,a0
20000ed0:	0842                	slli	a6,a6,0x10
20000ed2:	0107e7b3          	or	a5,a5,a6
20000ed6:	00e7f863          	bgeu	a5,a4,20000ee6 <__divdf3+0x1c6>
20000eda:	97ae                	add	a5,a5,a1
20000edc:	00b7e463          	bltu	a5,a1,20000ee4 <__divdf3+0x1c4>
20000ee0:	1ee7ee63          	bltu	a5,a4,200010dc <__divdf3+0x3bc>
20000ee4:	157d                	addi	a0,a0,-1
20000ee6:	8f99                	sub	a5,a5,a4
20000ee8:	03c7d833          	divu	a6,a5,t3
20000eec:	03c7f733          	remu	a4,a5,t3
20000ef0:	030e8fb3          	mul	t6,t4,a6
20000ef4:	08ef4733          	pack	a4,t5,a4
20000ef8:	01f77863          	bgeu	a4,t6,20000f08 <__divdf3+0x1e8>
20000efc:	972e                	add	a4,a4,a1
20000efe:	01f77463          	bgeu	a4,t6,20000f06 <__divdf3+0x1e6>
20000f02:	1eb77063          	bgeu	a4,a1,200010e2 <__divdf3+0x3c2>
20000f06:	187d                	addi	a6,a6,-1
20000f08:	0542                	slli	a0,a0,0x10
20000f0a:	010562b3          	or	t0,a0,a6
20000f0e:	0102d793          	srli	a5,t0,0x10
20000f12:	01035813          	srli	a6,t1,0x10
20000f16:	0802c533          	zext.h	a0,t0
20000f1a:	08034f33          	zext.h	t5,t1
20000f1e:	03e503b3          	mul	t2,a0,t5
20000f22:	41f70733          	sub	a4,a4,t6
20000f26:	03e78433          	mul	s0,a5,t5
20000f2a:	02a80533          	mul	a0,a6,a0
20000f2e:	00850fb3          	add	t6,a0,s0
20000f32:	0103d513          	srli	a0,t2,0x10
20000f36:	957e                	add	a0,a0,t6
20000f38:	030787b3          	mul	a5,a5,a6
20000f3c:	00857463          	bgeu	a0,s0,20000f44 <__divdf3+0x224>
20000f40:	6fc1                	lui	t6,0x10
20000f42:	97fe                	add	a5,a5,t6
20000f44:	01055f93          	srli	t6,a0,0x10
20000f48:	0803c3b3          	zext.h	t2,t2
20000f4c:	0542                	slli	a0,a0,0x10
20000f4e:	9fbe                	add	t6,t6,a5
20000f50:	951e                	add	a0,a0,t2
20000f52:	01f76663          	bltu	a4,t6,20000f5e <__divdf3+0x23e>
20000f56:	19f71963          	bne	a4,t6,200010e8 <__divdf3+0x3c8>
20000f5a:	18a6f763          	bgeu	a3,a0,200010e8 <__divdf3+0x3c8>
20000f5e:	006683b3          	add	t2,a3,t1
20000f62:	00d3b433          	sltu	s0,t2,a3
20000f66:	00b404b3          	add	s1,s0,a1
20000f6a:	9726                	add	a4,a4,s1
20000f6c:	fff28793          	addi	a5,t0,-1
20000f70:	869e                	mv	a3,t2
20000f72:	00e5e563          	bltu	a1,a4,20000f7c <__divdf3+0x25c>
20000f76:	e00d                	bnez	s0,20000f98 <__divdf3+0x278>
20000f78:	02e59063          	bne	a1,a4,20000f98 <__divdf3+0x278>
20000f7c:	01f76663          	bltu	a4,t6,20000f88 <__divdf3+0x268>
20000f80:	00ef9c63          	bne	t6,a4,20000f98 <__divdf3+0x278>
20000f84:	00a3fa63          	bgeu	t2,a0,20000f98 <__divdf3+0x278>
20000f88:	007306b3          	add	a3,t1,t2
20000f8c:	ffe28793          	addi	a5,t0,-2
20000f90:	0066b2b3          	sltu	t0,a3,t1
20000f94:	92ae                	add	t0,t0,a1
20000f96:	9716                	add	a4,a4,t0
20000f98:	40a682b3          	sub	t0,a3,a0
20000f9c:	41f70733          	sub	a4,a4,t6
20000fa0:	0056b6b3          	sltu	a3,a3,t0
20000fa4:	8f15                	sub	a4,a4,a3
20000fa6:	557d                	li	a0,-1
20000fa8:	0ce58c63          	beq	a1,a4,20001080 <__divdf3+0x360>
20000fac:	03c75533          	divu	a0,a4,t3
20000fb0:	03c77733          	remu	a4,a4,t3
20000fb4:	02ae8fb3          	mul	t6,t4,a0
20000fb8:	01071693          	slli	a3,a4,0x10
20000fbc:	0102d713          	srli	a4,t0,0x10
20000fc0:	8f55                	or	a4,a4,a3
20000fc2:	01f77863          	bgeu	a4,t6,20000fd2 <__divdf3+0x2b2>
20000fc6:	972e                	add	a4,a4,a1
20000fc8:	00b76463          	bltu	a4,a1,20000fd0 <__divdf3+0x2b0>
20000fcc:	13f76063          	bltu	a4,t6,200010ec <__divdf3+0x3cc>
20000fd0:	157d                	addi	a0,a0,-1
20000fd2:	41f70733          	sub	a4,a4,t6
20000fd6:	03c75fb3          	divu	t6,a4,t3
20000fda:	03c77733          	remu	a4,a4,t3
20000fde:	03fe8eb3          	mul	t4,t4,t6
20000fe2:	08e2c733          	pack	a4,t0,a4
20000fe6:	01d77863          	bgeu	a4,t4,20000ff6 <__divdf3+0x2d6>
20000fea:	972e                	add	a4,a4,a1
20000fec:	01d77463          	bgeu	a4,t4,20000ff4 <__divdf3+0x2d4>
20000ff0:	10b77163          	bgeu	a4,a1,200010f2 <__divdf3+0x3d2>
20000ff4:	1ffd                	addi	t6,t6,-1 # ffff <HeapSize+0xf7ff>
20000ff6:	01051693          	slli	a3,a0,0x10
20000ffa:	01f6e6b3          	or	a3,a3,t6
20000ffe:	0806c533          	zext.h	a0,a3
20001002:	41d70733          	sub	a4,a4,t4
20001006:	0106de93          	srli	t4,a3,0x10
2000100a:	02af0fb3          	mul	t6,t5,a0
2000100e:	03ee8f33          	mul	t5,t4,t5
20001012:	03d80eb3          	mul	t4,a6,t4
20001016:	02a80833          	mul	a6,a6,a0
2000101a:	01e80533          	add	a0,a6,t5
2000101e:	010fd813          	srli	a6,t6,0x10
20001022:	982a                	add	a6,a6,a0
20001024:	01e87463          	bgeu	a6,t5,2000102c <__divdf3+0x30c>
20001028:	6541                	lui	a0,0x10
2000102a:	9eaa                	add	t4,t4,a0
2000102c:	01085e13          	srli	t3,a6,0x10
20001030:	080fcfb3          	zext.h	t6,t6
20001034:	0842                	slli	a6,a6,0x10
20001036:	9e76                	add	t3,t3,t4
20001038:	987e                	add	a6,a6,t6
2000103a:	01c76663          	bltu	a4,t3,20001046 <__divdf3+0x326>
2000103e:	03c71f63          	bne	a4,t3,2000107c <__divdf3+0x35c>
20001042:	0a080b63          	beqz	a6,200010f8 <__divdf3+0x3d8>
20001046:	00e58eb3          	add	t4,a1,a4
2000104a:	fff68513          	addi	a0,a3,-1
2000104e:	8776                	mv	a4,t4
20001050:	02bee163          	bltu	t4,a1,20001072 <__divdf3+0x352>
20001054:	01cee663          	bltu	t4,t3,20001060 <__divdf3+0x340>
20001058:	03ce9163          	bne	t4,t3,2000107a <__divdf3+0x35a>
2000105c:	01037b63          	bgeu	t1,a6,20001072 <__divdf3+0x352>
20001060:	ffe68513          	addi	a0,a3,-2
20001064:	00131693          	slli	a3,t1,0x1
20001068:	0066b733          	sltu	a4,a3,t1
2000106c:	972e                	add	a4,a4,a1
2000106e:	9776                	add	a4,a4,t4
20001070:	8336                	mv	t1,a3
20001072:	01031463          	bne	t1,a6,2000107a <__divdf3+0x35a>
20001076:	01c70563          	beq	a4,t3,20001080 <__divdf3+0x360>
2000107a:	86aa                	mv	a3,a0
2000107c:	0016e513          	ori	a0,a3,1
20001080:	3ff88713          	addi	a4,a7,1023
20001084:	08e05f63          	blez	a4,20001122 <__divdf3+0x402>
20001088:	00757693          	andi	a3,a0,7
2000108c:	ce81                	beqz	a3,200010a4 <__divdf3+0x384>
2000108e:	00f57693          	andi	a3,a0,15
20001092:	4591                	li	a1,4
20001094:	00b68863          	beq	a3,a1,200010a4 <__divdf3+0x384>
20001098:	00b506b3          	add	a3,a0,a1
2000109c:	00a6b5b3          	sltu	a1,a3,a0
200010a0:	97ae                	add	a5,a5,a1
200010a2:	8536                	mv	a0,a3
200010a4:	00779693          	slli	a3,a5,0x7
200010a8:	0006d663          	bgez	a3,200010b4 <__divdf3+0x394>
200010ac:	49879793          	bclri	a5,a5,0x18
200010b0:	40088713          	addi	a4,a7,1024
200010b4:	7fe00693          	li	a3,2046
200010b8:	10e6c363          	blt	a3,a4,200011be <__divdf3+0x49e>
200010bc:	01d79693          	slli	a3,a5,0x1d
200010c0:	810d                	srli	a0,a0,0x3
200010c2:	8d55                	or	a0,a0,a3
200010c4:	838d                	srli	a5,a5,0x3
200010c6:	07b2                	slli	a5,a5,0xc
200010c8:	0752                	slli	a4,a4,0x14
200010ca:	83b1                	srli	a5,a5,0xc
200010cc:	8f5d                	or	a4,a4,a5
200010ce:	067e                	slli	a2,a2,0x1f
200010d0:	00c765b3          	or	a1,a4,a2
200010d4:	be62                	cm.popret	{ra,s0-s1},16
200010d6:	18fd                	addi	a7,a7,-1
200010d8:	4681                	li	a3,0
200010da:	b3f9                	j	20000ea8 <__divdf3+0x188>
200010dc:	1579                	addi	a0,a0,-2 # fffe <HeapSize+0xf7fe>
200010de:	97ae                	add	a5,a5,a1
200010e0:	b519                	j	20000ee6 <__divdf3+0x1c6>
200010e2:	1879                	addi	a6,a6,-2
200010e4:	972e                	add	a4,a4,a1
200010e6:	b50d                	j	20000f08 <__divdf3+0x1e8>
200010e8:	8796                	mv	a5,t0
200010ea:	b57d                	j	20000f98 <__divdf3+0x278>
200010ec:	1579                	addi	a0,a0,-2
200010ee:	972e                	add	a4,a4,a1
200010f0:	b5cd                	j	20000fd2 <__divdf3+0x2b2>
200010f2:	1ff9                	addi	t6,t6,-2
200010f4:	972e                	add	a4,a4,a1
200010f6:	b701                	j	20000ff6 <__divdf3+0x2d6>
200010f8:	4301                	li	t1,0
200010fa:	8536                	mv	a0,a3
200010fc:	bf9d                	j	20001072 <__divdf3+0x352>
200010fe:	8636                	mv	a2,a3
20001100:	8e1a                	mv	t3,t1
20001102:	4709                	li	a4,2
20001104:	0aee0d63          	beq	t3,a4,200011be <__divdf3+0x49e>
20001108:	470d                	li	a4,3
2000110a:	0aee0363          	beq	t3,a4,200011b0 <__divdf3+0x490>
2000110e:	4705                	li	a4,1
20001110:	f6ee18e3          	bne	t3,a4,20001080 <__divdf3+0x360>
20001114:	4781                	li	a5,0
20001116:	4501                	li	a0,0
20001118:	a0ad                	j	20001182 <__divdf3+0x462>
2000111a:	862e                	mv	a2,a1
2000111c:	87c2                	mv	a5,a6
2000111e:	857a                	mv	a0,t5
20001120:	b7cd                	j	20001102 <__divdf3+0x3e2>
20001122:	c335                	beqz	a4,20001186 <__divdf3+0x466>
20001124:	fc900693          	li	a3,-55
20001128:	fed746e3          	blt	a4,a3,20001114 <__divdf3+0x3f4>
2000112c:	5689                	li	a3,-30
2000112e:	04d74e63          	blt	a4,a3,2000118a <__divdf3+0x46a>
20001132:	4685                	li	a3,1
20001134:	8e99                	sub	a3,a3,a4
20001136:	41e88893          	addi	a7,a7,1054
2000113a:	00d55733          	srl	a4,a0,a3
2000113e:	01151533          	sll	a0,a0,a7
20001142:	00a03533          	snez	a0,a0
20001146:	011798b3          	sll	a7,a5,a7
2000114a:	01156533          	or	a0,a0,a7
2000114e:	8f49                	or	a4,a4,a0
20001150:	00d7d7b3          	srl	a5,a5,a3
20001154:	00777693          	andi	a3,a4,7
20001158:	ce81                	beqz	a3,20001170 <__divdf3+0x450>
2000115a:	00f77693          	andi	a3,a4,15
2000115e:	4591                	li	a1,4
20001160:	00b68863          	beq	a3,a1,20001170 <__divdf3+0x450>
20001164:	00b706b3          	add	a3,a4,a1
20001168:	00e6b5b3          	sltu	a1,a3,a4
2000116c:	97ae                	add	a5,a5,a1
2000116e:	8736                	mv	a4,a3
20001170:	00879693          	slli	a3,a5,0x8
20001174:	0406ca63          	bltz	a3,200011c8 <__divdf3+0x4a8>
20001178:	01d79513          	slli	a0,a5,0x1d
2000117c:	830d                	srli	a4,a4,0x3
2000117e:	8d59                	or	a0,a0,a4
20001180:	838d                	srli	a5,a5,0x3
20001182:	4701                	li	a4,0
20001184:	b789                	j	200010c6 <__divdf3+0x3a6>
20001186:	4685                	li	a3,1
20001188:	b77d                	j	20001136 <__divdf3+0x416>
2000118a:	5805                	li	a6,-31
2000118c:	40e806b3          	sub	a3,a6,a4
20001190:	00d7d6b3          	srl	a3,a5,a3
20001194:	4581                	li	a1,0
20001196:	01070663          	beq	a4,a6,200011a2 <__divdf3+0x482>
2000119a:	43e88893          	addi	a7,a7,1086
2000119e:	011795b3          	sll	a1,a5,a7
200011a2:	8dc9                	or	a1,a1,a0
200011a4:	00b035b3          	snez	a1,a1
200011a8:	00b6e733          	or	a4,a3,a1
200011ac:	4781                	li	a5,0
200011ae:	b75d                	j	20001154 <__divdf3+0x434>
200011b0:	000807b7          	lui	a5,0x80
200011b4:	4501                	li	a0,0
200011b6:	7ff00713          	li	a4,2047
200011ba:	4601                	li	a2,0
200011bc:	b729                	j	200010c6 <__divdf3+0x3a6>
200011be:	4781                	li	a5,0
200011c0:	4501                	li	a0,0
200011c2:	7ff00713          	li	a4,2047
200011c6:	b701                	j	200010c6 <__divdf3+0x3a6>
200011c8:	4781                	li	a5,0
200011ca:	4501                	li	a0,0
200011cc:	4705                	li	a4,1
200011ce:	bde5                	j	200010c6 <__divdf3+0x3a6>

200011d0 <__gedf2>:
200011d0:	0145d893          	srli	a7,a1,0x14
200011d4:	00100737          	lui	a4,0x100
200011d8:	177d                	addi	a4,a4,-1 # fffff <HeapSize+0xff7ff>
200011da:	0146d813          	srli	a6,a3,0x14
200011de:	7ff8f893          	andi	a7,a7,2047
200011e2:	7ff00793          	li	a5,2047
200011e6:	00b77333          	and	t1,a4,a1
200011ea:	7ff87813          	andi	a6,a6,2047
200011ee:	8f75                	and	a4,a4,a3
200011f0:	81fd                	srli	a1,a1,0x1f
200011f2:	82fd                	srli	a3,a3,0x1f
200011f4:	00f88d63          	beq	a7,a5,2000120e <__gedf2+0x3e>
200011f8:	7ff00e13          	li	t3,2047
200011fc:	87c2                	mv	a5,a6
200011fe:	01c81f63          	bne	a6,t3,2000121c <__gedf2+0x4c>
20001202:	00c76e33          	or	t3,a4,a2
20001206:	000e0b63          	beqz	t3,2000121c <__gedf2+0x4c>
2000120a:	57f9                	li	a5,-2
2000120c:	a031                	j	20001218 <__gedf2+0x48>
2000120e:	00a36e33          	or	t3,t1,a0
20001212:	57f9                	li	a5,-2
20001214:	fe0e02e3          	beqz	t3,200011f8 <__gedf2+0x28>
20001218:	853e                	mv	a0,a5
2000121a:	8082                	ret
2000121c:	4e01                	li	t3,0
2000121e:	00089663          	bnez	a7,2000122a <__gedf2+0x5a>
20001222:	00a36e33          	or	t3,t1,a0
20001226:	001e3e13          	seqz	t3,t3
2000122a:	04081363          	bnez	a6,20001270 <__gedf2+0xa0>
2000122e:	00c76eb3          	or	t4,a4,a2
20001232:	000e0863          	beqz	t3,20001242 <__gedf2+0x72>
20001236:	fe0e81e3          	beqz	t4,20001218 <__gedf2+0x48>
2000123a:	00169793          	slli	a5,a3,0x1
2000123e:	17fd                	addi	a5,a5,-1 # 7ffff <HeapSize+0x7f7ff>
20001240:	bfe1                	j	20001218 <__gedf2+0x48>
20001242:	020e9963          	bnez	t4,20001274 <__gedf2+0xa4>
20001246:	40b005b3          	neg	a1,a1
2000124a:	0015e793          	ori	a5,a1,1
2000124e:	b7e9                	j	20001218 <__gedf2+0x48>
20001250:	ff08c5e3          	blt	a7,a6,2000123a <__gedf2+0x6a>
20001254:	fe6769e3          	bltu	a4,t1,20001246 <__gedf2+0x76>
20001258:	00a67463          	bgeu	a2,a0,20001260 <__gedf2+0x90>
2000125c:	fee305e3          	beq	t1,a4,20001246 <__gedf2+0x76>
20001260:	00c56563          	bltu	a0,a2,2000126a <__gedf2+0x9a>
20001264:	4781                	li	a5,0
20001266:	fae379e3          	bgeu	t1,a4,20001218 <__gedf2+0x48>
2000126a:	00159793          	slli	a5,a1,0x1
2000126e:	bfc1                	j	2000123e <__gedf2+0x6e>
20001270:	fc0e15e3          	bnez	t3,2000123a <__gedf2+0x6a>
20001274:	fcb699e3          	bne	a3,a1,20001246 <__gedf2+0x76>
20001278:	fd185ce3          	bge	a6,a7,20001250 <__gedf2+0x80>
2000127c:	40d006b3          	neg	a3,a3
20001280:	0016e793          	ori	a5,a3,1
20001284:	bf51                	j	20001218 <__gedf2+0x48>

20001286 <__ledf2>:
20001286:	0145d893          	srli	a7,a1,0x14
2000128a:	00100737          	lui	a4,0x100
2000128e:	177d                	addi	a4,a4,-1 # fffff <HeapSize+0xff7ff>
20001290:	0146d813          	srli	a6,a3,0x14
20001294:	7ff8f893          	andi	a7,a7,2047
20001298:	7ff00793          	li	a5,2047
2000129c:	00b77333          	and	t1,a4,a1
200012a0:	7ff87813          	andi	a6,a6,2047
200012a4:	8f75                	and	a4,a4,a3
200012a6:	81fd                	srli	a1,a1,0x1f
200012a8:	82fd                	srli	a3,a3,0x1f
200012aa:	00f88d63          	beq	a7,a5,200012c4 <__ledf2+0x3e>
200012ae:	7ff00e13          	li	t3,2047
200012b2:	87c2                	mv	a5,a6
200012b4:	01c81f63          	bne	a6,t3,200012d2 <__ledf2+0x4c>
200012b8:	00c76e33          	or	t3,a4,a2
200012bc:	000e0b63          	beqz	t3,200012d2 <__ledf2+0x4c>
200012c0:	4789                	li	a5,2
200012c2:	a031                	j	200012ce <__ledf2+0x48>
200012c4:	00a36e33          	or	t3,t1,a0
200012c8:	4789                	li	a5,2
200012ca:	fe0e02e3          	beqz	t3,200012ae <__ledf2+0x28>
200012ce:	853e                	mv	a0,a5
200012d0:	8082                	ret
200012d2:	4e01                	li	t3,0
200012d4:	00089663          	bnez	a7,200012e0 <__ledf2+0x5a>
200012d8:	00a36e33          	or	t3,t1,a0
200012dc:	001e3e13          	seqz	t3,t3
200012e0:	04081363          	bnez	a6,20001326 <__ledf2+0xa0>
200012e4:	00c76eb3          	or	t4,a4,a2
200012e8:	000e0863          	beqz	t3,200012f8 <__ledf2+0x72>
200012ec:	fe0e81e3          	beqz	t4,200012ce <__ledf2+0x48>
200012f0:	00169793          	slli	a5,a3,0x1
200012f4:	17fd                	addi	a5,a5,-1
200012f6:	bfe1                	j	200012ce <__ledf2+0x48>
200012f8:	020e9963          	bnez	t4,2000132a <__ledf2+0xa4>
200012fc:	40b005b3          	neg	a1,a1
20001300:	0015e793          	ori	a5,a1,1
20001304:	b7e9                	j	200012ce <__ledf2+0x48>
20001306:	ff08c5e3          	blt	a7,a6,200012f0 <__ledf2+0x6a>
2000130a:	fe6769e3          	bltu	a4,t1,200012fc <__ledf2+0x76>
2000130e:	00a67463          	bgeu	a2,a0,20001316 <__ledf2+0x90>
20001312:	fee305e3          	beq	t1,a4,200012fc <__ledf2+0x76>
20001316:	00c56563          	bltu	a0,a2,20001320 <__ledf2+0x9a>
2000131a:	4781                	li	a5,0
2000131c:	fae379e3          	bgeu	t1,a4,200012ce <__ledf2+0x48>
20001320:	00159793          	slli	a5,a1,0x1
20001324:	bfc1                	j	200012f4 <__ledf2+0x6e>
20001326:	fc0e15e3          	bnez	t3,200012f0 <__ledf2+0x6a>
2000132a:	fcb699e3          	bne	a3,a1,200012fc <__ledf2+0x76>
2000132e:	fd185ce3          	bge	a6,a7,20001306 <__ledf2+0x80>
20001332:	40d006b3          	neg	a3,a3
20001336:	0016e793          	ori	a5,a3,1
2000133a:	bf51                	j	200012ce <__ledf2+0x48>

2000133c <__muldf3>:
2000133c:	0145d793          	srli	a5,a1,0x14
20001340:	00c59813          	slli	a6,a1,0xc
20001344:	b872                	cm.push	{ra,s0-s2},-16
20001346:	7ff7f793          	andi	a5,a5,2047
2000134a:	00c85813          	srli	a6,a6,0xc
2000134e:	81fd                	srli	a1,a1,0x1f
20001350:	cbc9                	beqz	a5,200013e2 <__muldf3+0xa6>
20001352:	7ff00713          	li	a4,2047
20001356:	0ee78163          	beq	a5,a4,20001438 <__muldf3+0xfc>
2000135a:	01d55713          	srli	a4,a0,0x1d
2000135e:	080e                	slli	a6,a6,0x3
20001360:	01076833          	or	a6,a4,a6
20001364:	29781813          	bseti	a6,a6,0x17
20001368:	00351e93          	slli	t4,a0,0x3
2000136c:	c0178313          	addi	t1,a5,-1023
20001370:	4f01                	li	t5,0
20001372:	0146d513          	srli	a0,a3,0x14
20001376:	00c69793          	slli	a5,a3,0xc
2000137a:	7ff57513          	andi	a0,a0,2047
2000137e:	83b1                	srli	a5,a5,0xc
20001380:	82fd                	srli	a3,a3,0x1f
20001382:	c979                	beqz	a0,20001458 <__muldf3+0x11c>
20001384:	7ff00713          	li	a4,2047
20001388:	12e50163          	beq	a0,a4,200014aa <__muldf3+0x16e>
2000138c:	01d65713          	srli	a4,a2,0x1d
20001390:	078e                	slli	a5,a5,0x3
20001392:	8fd9                	or	a5,a5,a4
20001394:	29779793          	bseti	a5,a5,0x17
20001398:	00361713          	slli	a4,a2,0x3
2000139c:	c0150513          	addi	a0,a0,-1023
200013a0:	4e01                	li	t3,0
200013a2:	00a30633          	add	a2,t1,a0
200013a6:	002f1513          	slli	a0,t5,0x2
200013aa:	01c56533          	or	a0,a0,t3
200013ae:	48a9                	li	a7,10
200013b0:	00160313          	addi	t1,a2,1
200013b4:	12a8c763          	blt	a7,a0,200014e2 <__muldf3+0x1a6>
200013b8:	4889                	li	a7,2
200013ba:	8db5                	xor	a1,a1,a3
200013bc:	10a8c463          	blt	a7,a0,200014c4 <__muldf3+0x188>
200013c0:	157d                	addi	a0,a0,-1
200013c2:	4685                	li	a3,1
200013c4:	12a6e863          	bltu	a3,a0,200014f4 <__muldf3+0x1b8>
200013c8:	8f72                	mv	t5,t3
200013ca:	4689                	li	a3,2
200013cc:	36df0563          	beq	t5,a3,20001736 <__muldf3+0x3fa>
200013d0:	468d                	li	a3,3
200013d2:	34df0e63          	beq	t5,a3,2000172e <__muldf3+0x3f2>
200013d6:	4685                	li	a3,1
200013d8:	24df1d63          	bne	t5,a3,20001632 <__muldf3+0x2f6>
200013dc:	4781                	li	a5,0
200013de:	4881                	li	a7,0
200013e0:	ae19                	j	200016f6 <__muldf3+0x3ba>
200013e2:	00a86eb3          	or	t4,a6,a0
200013e6:	060e8163          	beqz	t4,20001448 <__muldf3+0x10c>
200013ea:	02080a63          	beqz	a6,2000141e <__muldf3+0xe2>
200013ee:	60081713          	clz	a4,a6
200013f2:	ff570893          	addi	a7,a4,-11
200013f6:	47f5                	li	a5,29
200013f8:	ff870313          	addi	t1,a4,-8
200013fc:	411787b3          	sub	a5,a5,a7
20001400:	00681833          	sll	a6,a6,t1
20001404:	00f557b3          	srl	a5,a0,a5
20001408:	0107e7b3          	or	a5,a5,a6
2000140c:	00651833          	sll	a6,a0,t1
20001410:	c0d00313          	li	t1,-1011
20001414:	8ec2                	mv	t4,a6
20001416:	40e30333          	sub	t1,t1,a4
2000141a:	883e                	mv	a6,a5
2000141c:	bf91                	j	20001370 <__muldf3+0x34>
2000141e:	60051793          	clz	a5,a0
20001422:	01578893          	addi	a7,a5,21
20001426:	4371                	li	t1,28
20001428:	02078713          	addi	a4,a5,32
2000142c:	fd1355e3          	bge	t1,a7,200013f6 <__muldf3+0xba>
20001430:	17e1                	addi	a5,a5,-8
20001432:	00f517b3          	sll	a5,a0,a5
20001436:	bfe9                	j	20001410 <__muldf3+0xd4>
20001438:	00a86eb3          	or	t4,a6,a0
2000143c:	000e9a63          	bnez	t4,20001450 <__muldf3+0x114>
20001440:	4801                	li	a6,0
20001442:	833e                	mv	t1,a5
20001444:	4f09                	li	t5,2
20001446:	b735                	j	20001372 <__muldf3+0x36>
20001448:	4801                	li	a6,0
2000144a:	4301                	li	t1,0
2000144c:	4f05                	li	t5,1
2000144e:	b715                	j	20001372 <__muldf3+0x36>
20001450:	8eaa                	mv	t4,a0
20001452:	833e                	mv	t1,a5
20001454:	4f0d                	li	t5,3
20001456:	bf31                	j	20001372 <__muldf3+0x36>
20001458:	00c7e733          	or	a4,a5,a2
2000145c:	cf29                	beqz	a4,200014b6 <__muldf3+0x17a>
2000145e:	cb8d                	beqz	a5,20001490 <__muldf3+0x154>
20001460:	60079e13          	clz	t3,a5
20001464:	ff5e0513          	addi	a0,t3,-11 # fffff5 <HeapSize+0xfff7f5>
20001468:	48f5                	li	a7,29
2000146a:	ff8e0713          	addi	a4,t3,-8
2000146e:	40a888b3          	sub	a7,a7,a0
20001472:	00e797b3          	sll	a5,a5,a4
20001476:	011658b3          	srl	a7,a2,a7
2000147a:	00f8e8b3          	or	a7,a7,a5
2000147e:	00e617b3          	sll	a5,a2,a4
20001482:	c0d00513          	li	a0,-1011
20001486:	873e                	mv	a4,a5
20001488:	41c50533          	sub	a0,a0,t3
2000148c:	87c6                	mv	a5,a7
2000148e:	bf09                	j	200013a0 <__muldf3+0x64>
20001490:	60061713          	clz	a4,a2
20001494:	01570513          	addi	a0,a4,21
20001498:	48f1                	li	a7,28
2000149a:	02070e13          	addi	t3,a4,32
2000149e:	fca8d5e3          	bge	a7,a0,20001468 <__muldf3+0x12c>
200014a2:	1761                	addi	a4,a4,-8
200014a4:	00e618b3          	sll	a7,a2,a4
200014a8:	bfe9                	j	20001482 <__muldf3+0x146>
200014aa:	00c7e733          	or	a4,a5,a2
200014ae:	eb01                	bnez	a4,200014be <__muldf3+0x182>
200014b0:	4781                	li	a5,0
200014b2:	4e09                	li	t3,2
200014b4:	b5fd                	j	200013a2 <__muldf3+0x66>
200014b6:	4781                	li	a5,0
200014b8:	4501                	li	a0,0
200014ba:	4e05                	li	t3,1
200014bc:	b5dd                	j	200013a2 <__muldf3+0x66>
200014be:	8732                	mv	a4,a2
200014c0:	4e0d                	li	t3,3
200014c2:	b5c5                	j	200013a2 <__muldf3+0x66>
200014c4:	28a01533          	bset	a0,zero,a0
200014c8:	53057893          	andi	a7,a0,1328
200014cc:	02089163          	bnez	a7,200014ee <__muldf3+0x1b2>
200014d0:	24057f13          	andi	t5,a0,576
200014d4:	240f1763          	bnez	t5,20001722 <__muldf3+0x3e6>
200014d8:	08857513          	andi	a0,a0,136
200014dc:	cd01                	beqz	a0,200014f4 <__muldf3+0x1b8>
200014de:	85b6                	mv	a1,a3
200014e0:	b5e5                	j	200013c8 <__muldf3+0x8c>
200014e2:	463d                	li	a2,15
200014e4:	24c50563          	beq	a0,a2,2000172e <__muldf3+0x3f2>
200014e8:	462d                	li	a2,11
200014ea:	fec50ae3          	beq	a0,a2,200014de <__muldf3+0x1a2>
200014ee:	87c2                	mv	a5,a6
200014f0:	8776                	mv	a4,t4
200014f2:	bde1                	j	200013ca <__muldf3+0x8e>
200014f4:	010ede13          	srli	t3,t4,0x10
200014f8:	01075693          	srli	a3,a4,0x10
200014fc:	080eceb3          	zext.h	t4,t4
20001500:	080743b3          	zext.h	t2,a4
20001504:	027e8733          	mul	a4,t4,t2
20001508:	027e0fb3          	mul	t6,t3,t2
2000150c:	01075893          	srli	a7,a4,0x10
20001510:	03d68f33          	mul	t5,a3,t4
20001514:	9f7e                	add	t5,t5,t6
20001516:	98fa                	add	a7,a7,t5
20001518:	02de0533          	mul	a0,t3,a3
2000151c:	01f8f463          	bgeu	a7,t6,20001524 <__muldf3+0x1e8>
20001520:	6f41                	lui	t5,0x10
20001522:	957a                	add	a0,a0,t5
20001524:	9f69                	zext.h	a4,a4
20001526:	0108d413          	srli	s0,a7,0x10
2000152a:	08c2                	slli	a7,a7,0x10
2000152c:	0807cfb3          	zext.h	t6,a5
20001530:	98ba                	add	a7,a7,a4
20001532:	0107d713          	srli	a4,a5,0x10
20001536:	03fe82b3          	mul	t0,t4,t6
2000153a:	03fe07b3          	mul	a5,t3,t6
2000153e:	0102df13          	srli	t5,t0,0x10
20001542:	03d70eb3          	mul	t4,a4,t4
20001546:	9ebe                	add	t4,t4,a5
20001548:	9f76                	add	t5,t5,t4
2000154a:	02ee0e33          	mul	t3,t3,a4
2000154e:	00ff7463          	bgeu	t5,a5,20001556 <__muldf3+0x21a>
20001552:	67c1                	lui	a5,0x10
20001554:	9e3e                	add	t3,t3,a5
20001556:	080844b3          	zext.h	s1,a6
2000155a:	010f5e93          	srli	t4,t5,0x10
2000155e:	010f1793          	slli	a5,t5,0x10
20001562:	01085f13          	srli	t5,a6,0x10
20001566:	0802c2b3          	zext.h	t0,t0
2000156a:	9796                	add	a5,a5,t0
2000156c:	02748933          	mul	s2,s1,t2
20001570:	9ef2                	add	t4,t4,t3
20001572:	943e                	add	s0,s0,a5
20001574:	027f03b3          	mul	t2,t5,t2
20001578:	01095293          	srli	t0,s2,0x10
2000157c:	03e68833          	mul	a6,a3,t5
20001580:	9ec5                	mul	a3,a3,s1
20001582:	969e                	add	a3,a3,t2
20001584:	9696                	add	a3,a3,t0
20001586:	0076f463          	bgeu	a3,t2,2000158e <__muldf3+0x252>
2000158a:	6e41                	lui	t3,0x10
2000158c:	9872                	add	a6,a6,t3
2000158e:	03f482b3          	mul	t0,s1,t6
20001592:	0106de13          	srli	t3,a3,0x10
20001596:	9e42                	add	t3,t3,a6
20001598:	01069813          	slli	a6,a3,0x10
2000159c:	08094933          	zext.h	s2,s2
200015a0:	984a                	add	a6,a6,s2
200015a2:	03ff0fb3          	mul	t6,t5,t6
200015a6:	0102d693          	srli	a3,t0,0x10
200015aa:	03e70f33          	mul	t5,a4,t5
200015ae:	9f45                	mul	a4,a4,s1
200015b0:	977e                	add	a4,a4,t6
200015b2:	96ba                	add	a3,a3,a4
200015b4:	01f6f463          	bgeu	a3,t6,200015bc <__muldf3+0x280>
200015b8:	6741                	lui	a4,0x10
200015ba:	9f3a                	add	t5,t5,a4
200015bc:	01069713          	slli	a4,a3,0x10
200015c0:	0802c2b3          	zext.h	t0,t0
200015c4:	9522                	add	a0,a0,s0
200015c6:	9716                	add	a4,a4,t0
200015c8:	9eba                	add	t4,t4,a4
200015ca:	00f537b3          	sltu	a5,a0,a5
200015ce:	97f6                	add	a5,a5,t4
200015d0:	982a                	add	a6,a6,a0
200015d2:	9e3e                	add	t3,t3,a5
200015d4:	00eeb733          	sltu	a4,t4,a4
200015d8:	00a83533          	sltu	a0,a6,a0
200015dc:	01d7beb3          	sltu	t4,a5,t4
200015e0:	9572                	add	a0,a0,t3
200015e2:	82c1                	srli	a3,a3,0x10
200015e4:	01d76733          	or	a4,a4,t4
200015e8:	9736                	add	a4,a4,a3
200015ea:	00fe36b3          	sltu	a3,t3,a5
200015ee:	01c53e33          	sltu	t3,a0,t3
200015f2:	01c6e6b3          	or	a3,a3,t3
200015f6:	96ba                	add	a3,a3,a4
200015f8:	00981713          	slli	a4,a6,0x9
200015fc:	01176733          	or	a4,a4,a7
20001600:	96fa                	add	a3,a3,t5
20001602:	00e03733          	snez	a4,a4
20001606:	01785813          	srli	a6,a6,0x17
2000160a:	06a6                	slli	a3,a3,0x9
2000160c:	01755793          	srli	a5,a0,0x17
20001610:	01076733          	or	a4,a4,a6
20001614:	0526                	slli	a0,a0,0x9
20001616:	8f49                	or	a4,a4,a0
20001618:	00769513          	slli	a0,a3,0x7
2000161c:	8fd5                	or	a5,a5,a3
2000161e:	06055863          	bgez	a0,2000168e <__muldf3+0x352>
20001622:	00175693          	srli	a3,a4,0x1
20001626:	8b05                	andi	a4,a4,1
20001628:	8ed9                	or	a3,a3,a4
2000162a:	01f79713          	slli	a4,a5,0x1f
2000162e:	8f55                	or	a4,a4,a3
20001630:	8385                	srli	a5,a5,0x1
20001632:	3ff30693          	addi	a3,t1,1023 # 10003ff <HeapSize+0xfffbff>
20001636:	04d05e63          	blez	a3,20001692 <__muldf3+0x356>
2000163a:	00777613          	andi	a2,a4,7
2000163e:	ce01                	beqz	a2,20001656 <__muldf3+0x31a>
20001640:	00f77613          	andi	a2,a4,15
20001644:	4511                	li	a0,4
20001646:	00a60863          	beq	a2,a0,20001656 <__muldf3+0x31a>
2000164a:	00a70633          	add	a2,a4,a0
2000164e:	00e63533          	sltu	a0,a2,a4
20001652:	97aa                	add	a5,a5,a0
20001654:	8732                	mv	a4,a2
20001656:	00779613          	slli	a2,a5,0x7
2000165a:	00065663          	bgez	a2,20001666 <__muldf3+0x32a>
2000165e:	49879793          	bclri	a5,a5,0x18
20001662:	40030693          	addi	a3,t1,1024
20001666:	7fe00613          	li	a2,2046
2000166a:	0cd64663          	blt	a2,a3,20001736 <__muldf3+0x3fa>
2000166e:	01d79893          	slli	a7,a5,0x1d
20001672:	830d                	srli	a4,a4,0x3
20001674:	00e8e8b3          	or	a7,a7,a4
20001678:	838d                	srli	a5,a5,0x3
2000167a:	07b2                	slli	a5,a5,0xc
2000167c:	83b1                	srli	a5,a5,0xc
2000167e:	06d2                	slli	a3,a3,0x14
20001680:	05fe                	slli	a1,a1,0x1f
20001682:	8edd                	or	a3,a3,a5
20001684:	00b6e7b3          	or	a5,a3,a1
20001688:	8546                	mv	a0,a7
2000168a:	85be                	mv	a1,a5
2000168c:	be72                	cm.popret	{ra,s0-s2},16
2000168e:	8332                	mv	t1,a2
20001690:	b74d                	j	20001632 <__muldf3+0x2f6>
20001692:	c6a5                	beqz	a3,200016fa <__muldf3+0x3be>
20001694:	fc900613          	li	a2,-55
20001698:	d4c6c2e3          	blt	a3,a2,200013dc <__muldf3+0xa0>
2000169c:	5609                	li	a2,-30
2000169e:	06c6c063          	blt	a3,a2,200016fe <__muldf3+0x3c2>
200016a2:	4605                	li	a2,1
200016a4:	40d606b3          	sub	a3,a2,a3
200016a8:	41e30313          	addi	t1,t1,1054
200016ac:	00d75633          	srl	a2,a4,a3
200016b0:	00671733          	sll	a4,a4,t1
200016b4:	00e03733          	snez	a4,a4
200016b8:	00679333          	sll	t1,a5,t1
200016bc:	00676733          	or	a4,a4,t1
200016c0:	8f51                	or	a4,a4,a2
200016c2:	00d7d7b3          	srl	a5,a5,a3
200016c6:	00777693          	andi	a3,a4,7
200016ca:	ce81                	beqz	a3,200016e2 <__muldf3+0x3a6>
200016cc:	00f77693          	andi	a3,a4,15
200016d0:	4611                	li	a2,4
200016d2:	00c68863          	beq	a3,a2,200016e2 <__muldf3+0x3a6>
200016d6:	00c706b3          	add	a3,a4,a2
200016da:	00e6b633          	sltu	a2,a3,a4
200016de:	97b2                	add	a5,a5,a2
200016e0:	8736                	mv	a4,a3
200016e2:	00879693          	slli	a3,a5,0x8
200016e6:	0406cd63          	bltz	a3,20001740 <__muldf3+0x404>
200016ea:	01d79893          	slli	a7,a5,0x1d
200016ee:	830d                	srli	a4,a4,0x3
200016f0:	00e8e8b3          	or	a7,a7,a4
200016f4:	838d                	srli	a5,a5,0x3
200016f6:	4681                	li	a3,0
200016f8:	b749                	j	2000167a <__muldf3+0x33e>
200016fa:	4685                	li	a3,1
200016fc:	b775                	j	200016a8 <__muldf3+0x36c>
200016fe:	5805                	li	a6,-31
20001700:	40d80633          	sub	a2,a6,a3
20001704:	00c7d633          	srl	a2,a5,a2
20001708:	4501                	li	a0,0
2000170a:	01068663          	beq	a3,a6,20001716 <__muldf3+0x3da>
2000170e:	43e30313          	addi	t1,t1,1086
20001712:	00679533          	sll	a0,a5,t1
20001716:	8f49                	or	a4,a4,a0
20001718:	00e03733          	snez	a4,a4
2000171c:	8f51                	or	a4,a4,a2
2000171e:	4781                	li	a5,0
20001720:	b75d                	j	200016c6 <__muldf3+0x38a>
20001722:	000807b7          	lui	a5,0x80
20001726:	7ff00693          	li	a3,2047
2000172a:	4581                	li	a1,0
2000172c:	b7b9                	j	2000167a <__muldf3+0x33e>
2000172e:	000807b7          	lui	a5,0x80
20001732:	4881                	li	a7,0
20001734:	bfcd                	j	20001726 <__muldf3+0x3ea>
20001736:	4781                	li	a5,0
20001738:	4881                	li	a7,0
2000173a:	7ff00693          	li	a3,2047
2000173e:	bf35                	j	2000167a <__muldf3+0x33e>
20001740:	4781                	li	a5,0
20001742:	4881                	li	a7,0
20001744:	4685                	li	a3,1
20001746:	bf15                	j	2000167a <__muldf3+0x33e>

20001748 <__subdf3>:
20001748:	00100837          	lui	a6,0x100
2000174c:	187d                	addi	a6,a6,-1 # fffff <HeapSize+0xff7ff>
2000174e:	00b877b3          	and	a5,a6,a1
20001752:	00d87833          	and	a6,a6,a3
20001756:	0146de13          	srli	t3,a3,0x14
2000175a:	080e                	slli	a6,a6,0x3
2000175c:	01d65313          	srli	t1,a2,0x1d
20001760:	0145d713          	srli	a4,a1,0x14
20001764:	01d55893          	srli	a7,a0,0x1d
20001768:	078e                	slli	a5,a5,0x3
2000176a:	01036333          	or	t1,t1,a6
2000176e:	7ffe7e13          	andi	t3,t3,2047
20001772:	7ff00813          	li	a6,2047
20001776:	7ff77713          	andi	a4,a4,2047
2000177a:	81fd                	srli	a1,a1,0x1f
2000177c:	00f8e7b3          	or	a5,a7,a5
20001780:	050e                	slli	a0,a0,0x3
20001782:	82fd                	srli	a3,a3,0x1f
20001784:	060e                	slli	a2,a2,0x3
20001786:	010e1663          	bne	t3,a6,20001792 <__subdf3+0x4a>
2000178a:	00c36833          	or	a6,t1,a2
2000178e:	00081463          	bnez	a6,20001796 <__subdf3+0x4e>
20001792:	0016c693          	xori	a3,a3,1
20001796:	41c70833          	sub	a6,a4,t3
2000179a:	7ff00893          	li	a7,2047
2000179e:	24b69263          	bne	a3,a1,200019e2 <__subdf3+0x29a>
200017a2:	0d005863          	blez	a6,20001872 <__subdf3+0x12a>
200017a6:	020e1463          	bnez	t3,200017ce <__subdf3+0x86>
200017aa:	00c366b3          	or	a3,t1,a2
200017ae:	ce91                	beqz	a3,200017ca <__subdf3+0x82>
200017b0:	fff70813          	addi	a6,a4,-1 # ffff <HeapSize+0xf7ff>
200017b4:	00081963          	bnez	a6,200017c6 <__subdf3+0x7e>
200017b8:	962a                	add	a2,a2,a0
200017ba:	979a                	add	a5,a5,t1
200017bc:	00a63533          	sltu	a0,a2,a0
200017c0:	97aa                	add	a5,a5,a0
200017c2:	4705                	li	a4,1
200017c4:	a889                	j	20001816 <__subdf3+0xce>
200017c6:	01171863          	bne	a4,a7,200017d6 <__subdf3+0x8e>
200017ca:	862a                	mv	a2,a0
200017cc:	aab5                	j	20001948 <__subdf3+0x200>
200017ce:	ff170ee3          	beq	a4,a7,200017ca <__subdf3+0x82>
200017d2:	29731313          	bseti	t1,t1,0x17
200017d6:	03800693          	li	a3,56
200017da:	0906c763          	blt	a3,a6,20001868 <__subdf3+0x120>
200017de:	46fd                	li	a3,31
200017e0:	02000e13          	li	t3,32
200017e4:	0506cd63          	blt	a3,a6,2000183e <__subdf3+0xf6>
200017e8:	410e0e33          	sub	t3,t3,a6
200017ec:	01c316b3          	sll	a3,t1,t3
200017f0:	010658b3          	srl	a7,a2,a6
200017f4:	01c61e33          	sll	t3,a2,t3
200017f8:	0116e6b3          	or	a3,a3,a7
200017fc:	01c03e33          	snez	t3,t3
20001800:	01c6e6b3          	or	a3,a3,t3
20001804:	01035833          	srl	a6,t1,a6
20001808:	00a68633          	add	a2,a3,a0
2000180c:	983e                	add	a6,a6,a5
2000180e:	00d636b3          	sltu	a3,a2,a3
20001812:	00d807b3          	add	a5,a6,a3
20001816:	00879693          	slli	a3,a5,0x8
2000181a:	1806d863          	bgez	a3,200019aa <__subdf3+0x262>
2000181e:	0705                	addi	a4,a4,1
20001820:	7ff00693          	li	a3,2047
20001824:	1ad70c63          	beq	a4,a3,200019dc <__subdf3+0x294>
20001828:	00165693          	srli	a3,a2,0x1
2000182c:	8a05                	andi	a2,a2,1
2000182e:	49779513          	bclri	a0,a5,0x17
20001832:	8e55                	or	a2,a2,a3
20001834:	07fe                	slli	a5,a5,0x1f
20001836:	8e5d                	or	a2,a2,a5
20001838:	00155793          	srli	a5,a0,0x1
2000183c:	a2bd                	j	200019aa <__subdf3+0x262>
2000183e:	fe080693          	addi	a3,a6,-32
20001842:	00d356b3          	srl	a3,t1,a3
20001846:	4881                	li	a7,0
20001848:	01c80863          	beq	a6,t3,20001858 <__subdf3+0x110>
2000184c:	04000893          	li	a7,64
20001850:	410888b3          	sub	a7,a7,a6
20001854:	011318b3          	sll	a7,t1,a7
20001858:	00c8e8b3          	or	a7,a7,a2
2000185c:	011038b3          	snez	a7,a7
20001860:	0116e6b3          	or	a3,a3,a7
20001864:	4801                	li	a6,0
20001866:	b74d                	j	20001808 <__subdf3+0xc0>
20001868:	00c366b3          	or	a3,t1,a2
2000186c:	00d036b3          	snez	a3,a3
20001870:	bfd5                	j	20001864 <__subdf3+0x11c>
20001872:	0a080063          	beqz	a6,20001912 <__subdf3+0x1ca>
20001876:	40ee0833          	sub	a6,t3,a4
2000187a:	ef01                	bnez	a4,20001892 <__subdf3+0x14a>
2000187c:	00a7e733          	or	a4,a5,a0
20001880:	c711                	beqz	a4,2000188c <__subdf3+0x144>
20001882:	fff80693          	addi	a3,a6,-1
20001886:	da8d                	beqz	a3,200017b8 <__subdf3+0x70>
20001888:	01181a63          	bne	a6,a7,2000189c <__subdf3+0x154>
2000188c:	879a                	mv	a5,t1
2000188e:	8742                	mv	a4,a6
20001890:	a865                	j	20001948 <__subdf3+0x200>
20001892:	431e0e63          	beq	t3,a7,20001cce <__subdf3+0x586>
20001896:	29779793          	bseti	a5,a5,0x17
2000189a:	86c2                	mv	a3,a6
2000189c:	03800713          	li	a4,56
200018a0:	06d74463          	blt	a4,a3,20001908 <__subdf3+0x1c0>
200018a4:	477d                	li	a4,31
200018a6:	02000893          	li	a7,32
200018aa:	02d74a63          	blt	a4,a3,200018de <__subdf3+0x196>
200018ae:	40d888b3          	sub	a7,a7,a3
200018b2:	01179733          	sll	a4,a5,a7
200018b6:	00d55833          	srl	a6,a0,a3
200018ba:	011518b3          	sll	a7,a0,a7
200018be:	01076733          	or	a4,a4,a6
200018c2:	011038b3          	snez	a7,a7
200018c6:	01176733          	or	a4,a4,a7
200018ca:	00d7d6b3          	srl	a3,a5,a3
200018ce:	963a                	add	a2,a2,a4
200018d0:	00e63733          	sltu	a4,a2,a4
200018d4:	969a                	add	a3,a3,t1
200018d6:	00e687b3          	add	a5,a3,a4
200018da:	8772                	mv	a4,t3
200018dc:	bf2d                	j	20001816 <__subdf3+0xce>
200018de:	fe068713          	addi	a4,a3,-32
200018e2:	00e7d733          	srl	a4,a5,a4
200018e6:	4801                	li	a6,0
200018e8:	01168863          	beq	a3,a7,200018f8 <__subdf3+0x1b0>
200018ec:	04000813          	li	a6,64
200018f0:	40d80833          	sub	a6,a6,a3
200018f4:	01079833          	sll	a6,a5,a6
200018f8:	00a86833          	or	a6,a6,a0
200018fc:	01003833          	snez	a6,a6
20001900:	01076733          	or	a4,a4,a6
20001904:	4681                	li	a3,0
20001906:	b7e1                	j	200018ce <__subdf3+0x186>
20001908:	00a7e733          	or	a4,a5,a0
2000190c:	00e03733          	snez	a4,a4
20001910:	bfd5                	j	20001904 <__subdf3+0x1bc>
20001912:	00170693          	addi	a3,a4,1
20001916:	7fe6f813          	andi	a6,a3,2046
2000191a:	06081b63          	bnez	a6,20001990 <__subdf3+0x248>
2000191e:	00a7e6b3          	or	a3,a5,a0
20001922:	ef39                	bnez	a4,20001980 <__subdf3+0x238>
20001924:	38068b63          	beqz	a3,20001cba <__subdf3+0x572>
20001928:	00c36733          	or	a4,t1,a2
2000192c:	38070963          	beqz	a4,20001cbe <__subdf3+0x576>
20001930:	962a                	add	a2,a2,a0
20001932:	979a                	add	a5,a5,t1
20001934:	00a63533          	sltu	a0,a2,a0
20001938:	97aa                	add	a5,a5,a0
2000193a:	00879713          	slli	a4,a5,0x8
2000193e:	26075a63          	bgez	a4,20001bb2 <__subdf3+0x46a>
20001942:	49779793          	bclri	a5,a5,0x17
20001946:	4705                	li	a4,1
20001948:	820d                	srli	a2,a2,0x3
2000194a:	01d79693          	slli	a3,a5,0x1d
2000194e:	8ed1                	or	a3,a3,a2
20001950:	7ff00613          	li	a2,2047
20001954:	838d                	srli	a5,a5,0x3
20001956:	00c71963          	bne	a4,a2,20001968 <__subdf3+0x220>
2000195a:	8edd                	or	a3,a3,a5
2000195c:	4781                	li	a5,0
2000195e:	c689                	beqz	a3,20001968 <__subdf3+0x220>
20001960:	000807b7          	lui	a5,0x80
20001964:	4681                	li	a3,0
20001966:	4581                	li	a1,0
20001968:	7ff77713          	andi	a4,a4,2047
2000196c:	07b2                	slli	a5,a5,0xc
2000196e:	83b1                	srli	a5,a5,0xc
20001970:	0752                	slli	a4,a4,0x14
20001972:	8f5d                	or	a4,a4,a5
20001974:	05fe                	slli	a1,a1,0x1f
20001976:	00b767b3          	or	a5,a4,a1
2000197a:	8536                	mv	a0,a3
2000197c:	85be                	mv	a1,a5
2000197e:	8082                	ret
20001980:	34068163          	beqz	a3,20001cc2 <__subdf3+0x57a>
20001984:	00c36333          	or	t1,t1,a2
20001988:	24031763          	bnez	t1,20001bd6 <__subdf3+0x48e>
2000198c:	862a                	mv	a2,a0
2000198e:	ae1d                	j	20001cc4 <__subdf3+0x57c>
20001990:	33168c63          	beq	a3,a7,20001cc8 <__subdf3+0x580>
20001994:	962a                	add	a2,a2,a0
20001996:	00a63533          	sltu	a0,a2,a0
2000199a:	979a                	add	a5,a5,t1
2000199c:	97aa                	add	a5,a5,a0
2000199e:	01f79713          	slli	a4,a5,0x1f
200019a2:	8205                	srli	a2,a2,0x1
200019a4:	8e59                	or	a2,a2,a4
200019a6:	8385                	srli	a5,a5,0x1
200019a8:	8736                	mv	a4,a3
200019aa:	00767693          	andi	a3,a2,7
200019ae:	ce81                	beqz	a3,200019c6 <__subdf3+0x27e>
200019b0:	00f67693          	andi	a3,a2,15
200019b4:	4511                	li	a0,4
200019b6:	00a68863          	beq	a3,a0,200019c6 <__subdf3+0x27e>
200019ba:	00a606b3          	add	a3,a2,a0
200019be:	00c6b533          	sltu	a0,a3,a2
200019c2:	97aa                	add	a5,a5,a0
200019c4:	8636                	mv	a2,a3
200019c6:	00879693          	slli	a3,a5,0x8
200019ca:	f606dfe3          	bgez	a3,20001948 <__subdf3+0x200>
200019ce:	0705                	addi	a4,a4,1
200019d0:	7ff00693          	li	a3,2047
200019d4:	49779793          	bclri	a5,a5,0x17
200019d8:	f6d718e3          	bne	a4,a3,20001948 <__subdf3+0x200>
200019dc:	4781                	li	a5,0
200019de:	4601                	li	a2,0
200019e0:	b7a5                	j	20001948 <__subdf3+0x200>
200019e2:	0d005263          	blez	a6,20001aa6 <__subdf3+0x35e>
200019e6:	080e1163          	bnez	t3,20001a68 <__subdf3+0x320>
200019ea:	00c366b3          	or	a3,t1,a2
200019ee:	dc068ee3          	beqz	a3,200017ca <__subdf3+0x82>
200019f2:	fff70813          	addi	a6,a4,-1
200019f6:	00081b63          	bnez	a6,20001a0c <__subdf3+0x2c4>
200019fa:	40c50633          	sub	a2,a0,a2
200019fe:	406787b3          	sub	a5,a5,t1
20001a02:	00c53533          	sltu	a0,a0,a2
20001a06:	8f89                	sub	a5,a5,a0
20001a08:	4705                	li	a4,1
20001a0a:	a0a1                	j	20001a52 <__subdf3+0x30a>
20001a0c:	db170fe3          	beq	a4,a7,200017ca <__subdf3+0x82>
20001a10:	03800693          	li	a3,56
20001a14:	0906c463          	blt	a3,a6,20001a9c <__subdf3+0x354>
20001a18:	46fd                	li	a3,31
20001a1a:	02000e13          	li	t3,32
20001a1e:	0506ca63          	blt	a3,a6,20001a72 <__subdf3+0x32a>
20001a22:	410e0e33          	sub	t3,t3,a6
20001a26:	01c316b3          	sll	a3,t1,t3
20001a2a:	010658b3          	srl	a7,a2,a6
20001a2e:	01c61e33          	sll	t3,a2,t3
20001a32:	0116e6b3          	or	a3,a3,a7
20001a36:	01c03e33          	snez	t3,t3
20001a3a:	01c6e6b3          	or	a3,a3,t3
20001a3e:	01035833          	srl	a6,t1,a6
20001a42:	40d50633          	sub	a2,a0,a3
20001a46:	41078833          	sub	a6,a5,a6
20001a4a:	00c53533          	sltu	a0,a0,a2
20001a4e:	40a807b3          	sub	a5,a6,a0
20001a52:	00879693          	slli	a3,a5,0x8
20001a56:	f406dae3          	bgez	a3,200019aa <__subdf3+0x262>
20001a5a:	008008b7          	lui	a7,0x800
20001a5e:	18fd                	addi	a7,a7,-1 # 7fffff <HeapSize+0x7ff7ff>
20001a60:	0117f8b3          	and	a7,a5,a7
20001a64:	8832                	mv	a6,a2
20001a66:	a275                	j	20001c12 <__subdf3+0x4ca>
20001a68:	d71701e3          	beq	a4,a7,200017ca <__subdf3+0x82>
20001a6c:	29731313          	bseti	t1,t1,0x17
20001a70:	b745                	j	20001a10 <__subdf3+0x2c8>
20001a72:	fe080693          	addi	a3,a6,-32
20001a76:	00d356b3          	srl	a3,t1,a3
20001a7a:	4881                	li	a7,0
20001a7c:	01c80863          	beq	a6,t3,20001a8c <__subdf3+0x344>
20001a80:	04000893          	li	a7,64
20001a84:	410888b3          	sub	a7,a7,a6
20001a88:	011318b3          	sll	a7,t1,a7
20001a8c:	00c8e8b3          	or	a7,a7,a2
20001a90:	011038b3          	snez	a7,a7
20001a94:	0116e6b3          	or	a3,a3,a7
20001a98:	4801                	li	a6,0
20001a9a:	b765                	j	20001a42 <__subdf3+0x2fa>
20001a9c:	00c366b3          	or	a3,t1,a2
20001aa0:	00d036b3          	snez	a3,a3
20001aa4:	bfd5                	j	20001a98 <__subdf3+0x350>
20001aa6:	0a080d63          	beqz	a6,20001b60 <__subdf3+0x418>
20001aaa:	40ee0833          	sub	a6,t3,a4
20001aae:	e70d                	bnez	a4,20001ad8 <__subdf3+0x390>
20001ab0:	00a7e733          	or	a4,a5,a0
20001ab4:	c305                	beqz	a4,20001ad4 <__subdf3+0x38c>
20001ab6:	fff80713          	addi	a4,a6,-1
20001aba:	eb19                	bnez	a4,20001ad0 <__subdf3+0x388>
20001abc:	40a60533          	sub	a0,a2,a0
20001ac0:	00a63733          	sltu	a4,a2,a0
20001ac4:	40f307b3          	sub	a5,t1,a5
20001ac8:	862a                	mv	a2,a0
20001aca:	8f99                	sub	a5,a5,a4
20001acc:	85b6                	mv	a1,a3
20001ace:	bf2d                	j	20001a08 <__subdf3+0x2c0>
20001ad0:	01181963          	bne	a6,a7,20001ae2 <__subdf3+0x39a>
20001ad4:	85b6                	mv	a1,a3
20001ad6:	bb5d                	j	2000188c <__subdf3+0x144>
20001ad8:	1f1e0a63          	beq	t3,a7,20001ccc <__subdf3+0x584>
20001adc:	29779793          	bseti	a5,a5,0x17
20001ae0:	8742                	mv	a4,a6
20001ae2:	03800593          	li	a1,56
20001ae6:	06e5c863          	blt	a1,a4,20001b56 <__subdf3+0x40e>
20001aea:	45fd                	li	a1,31
20001aec:	02000893          	li	a7,32
20001af0:	02e5ce63          	blt	a1,a4,20001b2c <__subdf3+0x3e4>
20001af4:	40e888b3          	sub	a7,a7,a4
20001af8:	011795b3          	sll	a1,a5,a7
20001afc:	00e55833          	srl	a6,a0,a4
20001b00:	011518b3          	sll	a7,a0,a7
20001b04:	0105e5b3          	or	a1,a1,a6
20001b08:	011038b3          	snez	a7,a7
20001b0c:	0115e5b3          	or	a1,a1,a7
20001b10:	00e7d733          	srl	a4,a5,a4
20001b14:	40b605b3          	sub	a1,a2,a1
20001b18:	00b637b3          	sltu	a5,a2,a1
20001b1c:	40e30733          	sub	a4,t1,a4
20001b20:	862e                	mv	a2,a1
20001b22:	40f707b3          	sub	a5,a4,a5
20001b26:	85b6                	mv	a1,a3
20001b28:	8772                	mv	a4,t3
20001b2a:	b725                	j	20001a52 <__subdf3+0x30a>
20001b2c:	fe070593          	addi	a1,a4,-32
20001b30:	00b7d5b3          	srl	a1,a5,a1
20001b34:	4801                	li	a6,0
20001b36:	01170863          	beq	a4,a7,20001b46 <__subdf3+0x3fe>
20001b3a:	04000813          	li	a6,64
20001b3e:	40e80833          	sub	a6,a6,a4
20001b42:	01079833          	sll	a6,a5,a6
20001b46:	00a86833          	or	a6,a6,a0
20001b4a:	01003833          	snez	a6,a6
20001b4e:	0105e5b3          	or	a1,a1,a6
20001b52:	4701                	li	a4,0
20001b54:	b7c1                	j	20001b14 <__subdf3+0x3cc>
20001b56:	00a7e5b3          	or	a1,a5,a0
20001b5a:	00b035b3          	snez	a1,a1
20001b5e:	bfd5                	j	20001b52 <__subdf3+0x40a>
20001b60:	00170813          	addi	a6,a4,1
20001b64:	7fe87813          	andi	a6,a6,2046
20001b68:	06081f63          	bnez	a6,20001be6 <__subdf3+0x49e>
20001b6c:	00c36833          	or	a6,t1,a2
20001b70:	00a7ee33          	or	t3,a5,a0
20001b74:	ef21                	bnez	a4,20001bcc <__subdf3+0x484>
20001b76:	000e1763          	bnez	t3,20001b84 <__subdf3+0x43c>
20001b7a:	879a                	mv	a5,t1
20001b7c:	02081a63          	bnez	a6,20001bb0 <__subdf3+0x468>
20001b80:	4581                	li	a1,0
20001b82:	bda9                	j	200019dc <__subdf3+0x294>
20001b84:	12080d63          	beqz	a6,20001cbe <__subdf3+0x576>
20001b88:	40c508b3          	sub	a7,a0,a2
20001b8c:	01153e33          	sltu	t3,a0,a7
20001b90:	40678833          	sub	a6,a5,t1
20001b94:	41c80833          	sub	a6,a6,t3
20001b98:	00881e13          	slli	t3,a6,0x8
20001b9c:	020e5163          	bgez	t3,20001bbe <__subdf3+0x476>
20001ba0:	40a60533          	sub	a0,a2,a0
20001ba4:	00a63733          	sltu	a4,a2,a0
20001ba8:	40f307b3          	sub	a5,t1,a5
20001bac:	862a                	mv	a2,a0
20001bae:	8f99                	sub	a5,a5,a4
20001bb0:	85b6                	mv	a1,a3
20001bb2:	00f66733          	or	a4,a2,a5
20001bb6:	e20703e3          	beqz	a4,200019dc <__subdf3+0x294>
20001bba:	4701                	li	a4,0
20001bbc:	b3fd                	j	200019aa <__subdf3+0x262>
20001bbe:	0108e633          	or	a2,a7,a6
20001bc2:	10060963          	beqz	a2,20001cd4 <__subdf3+0x58c>
20001bc6:	87c2                	mv	a5,a6
20001bc8:	8646                	mv	a2,a7
20001bca:	b7e5                	j	20001bb2 <__subdf3+0x46a>
20001bcc:	000e1a63          	bnez	t3,20001be0 <__subdf3+0x498>
20001bd0:	85b6                	mv	a1,a3
20001bd2:	0e081863          	bnez	a6,20001cc2 <__subdf3+0x57a>
20001bd6:	4581                	li	a1,0
20001bd8:	004007b7          	lui	a5,0x400
20001bdc:	4601                	li	a2,0
20001bde:	a0dd                	j	20001cc4 <__subdf3+0x57c>
20001be0:	da0806e3          	beqz	a6,2000198c <__subdf3+0x244>
20001be4:	bfcd                	j	20001bd6 <__subdf3+0x48e>
20001be6:	40c50e33          	sub	t3,a0,a2
20001bea:	01c53eb3          	sltu	t4,a0,t3
20001bee:	406788b3          	sub	a7,a5,t1
20001bf2:	41d888b3          	sub	a7,a7,t4
20001bf6:	00889e93          	slli	t4,a7,0x8
20001bfa:	8872                	mv	a6,t3
20001bfc:	060ed563          	bgez	t4,20001c66 <__subdf3+0x51e>
20001c00:	40a60833          	sub	a6,a2,a0
20001c04:	40f308b3          	sub	a7,t1,a5
20001c08:	01063633          	sltu	a2,a2,a6
20001c0c:	40c888b3          	sub	a7,a7,a2
20001c10:	85b6                	mv	a1,a3
20001c12:	06088163          	beqz	a7,20001c74 <__subdf3+0x52c>
20001c16:	60089693          	clz	a3,a7
20001c1a:	16e1                	addi	a3,a3,-8
20001c1c:	02000793          	li	a5,32
20001c20:	8f95                	sub	a5,a5,a3
20001c22:	00d898b3          	sll	a7,a7,a3
20001c26:	00f857b3          	srl	a5,a6,a5
20001c2a:	0117e7b3          	or	a5,a5,a7
20001c2e:	00d81633          	sll	a2,a6,a3
20001c32:	08e6c063          	blt	a3,a4,20001cb2 <__subdf3+0x56a>
20001c36:	8e99                	sub	a3,a3,a4
20001c38:	00168813          	addi	a6,a3,1
20001c3c:	477d                	li	a4,31
20001c3e:	02000513          	li	a0,32
20001c42:	05074563          	blt	a4,a6,20001c8c <__subdf3+0x544>
20001c46:	41050533          	sub	a0,a0,a6
20001c4a:	00a79733          	sll	a4,a5,a0
20001c4e:	010656b3          	srl	a3,a2,a6
20001c52:	00a61533          	sll	a0,a2,a0
20001c56:	8f55                	or	a4,a4,a3
20001c58:	00a03533          	snez	a0,a0
20001c5c:	00a76633          	or	a2,a4,a0
20001c60:	0107d7b3          	srl	a5,a5,a6
20001c64:	b7b9                	j	20001bb2 <__subdf3+0x46a>
20001c66:	011e6633          	or	a2,t3,a7
20001c6a:	f645                	bnez	a2,20001c12 <__subdf3+0x4ca>
20001c6c:	4581                	li	a1,0
20001c6e:	4781                	li	a5,0
20001c70:	4701                	li	a4,0
20001c72:	b9d9                	j	20001948 <__subdf3+0x200>
20001c74:	60081793          	clz	a5,a6
20001c78:	01878693          	addi	a3,a5,24 # 400018 <HeapSize+0x3ff818>
20001c7c:	467d                	li	a2,31
20001c7e:	f8d65fe3          	bge	a2,a3,20001c1c <__subdf3+0x4d4>
20001c82:	17e1                	addi	a5,a5,-8
20001c84:	00f817b3          	sll	a5,a6,a5
20001c88:	4601                	li	a2,0
20001c8a:	b765                	j	20001c32 <__subdf3+0x4ea>
20001c8c:	1685                	addi	a3,a3,-31
20001c8e:	00d7d6b3          	srl	a3,a5,a3
20001c92:	4701                	li	a4,0
20001c94:	00a80863          	beq	a6,a0,20001ca4 <__subdf3+0x55c>
20001c98:	04000713          	li	a4,64
20001c9c:	41070733          	sub	a4,a4,a6
20001ca0:	00e79733          	sll	a4,a5,a4
20001ca4:	8f51                	or	a4,a4,a2
20001ca6:	00e03733          	snez	a4,a4
20001caa:	00e6e633          	or	a2,a3,a4
20001cae:	4781                	li	a5,0
20001cb0:	b709                	j	20001bb2 <__subdf3+0x46a>
20001cb2:	8f15                	sub	a4,a4,a3
20001cb4:	49779793          	bclri	a5,a5,0x17
20001cb8:	b9cd                	j	200019aa <__subdf3+0x262>
20001cba:	879a                	mv	a5,t1
20001cbc:	bddd                	j	20001bb2 <__subdf3+0x46a>
20001cbe:	862a                	mv	a2,a0
20001cc0:	bdcd                	j	20001bb2 <__subdf3+0x46a>
20001cc2:	879a                	mv	a5,t1
20001cc4:	8746                	mv	a4,a7
20001cc6:	b149                	j	20001948 <__subdf3+0x200>
20001cc8:	8736                	mv	a4,a3
20001cca:	bb09                	j	200019dc <__subdf3+0x294>
20001ccc:	85b6                	mv	a1,a3
20001cce:	879a                	mv	a5,t1
20001cd0:	8772                	mv	a4,t3
20001cd2:	b99d                	j	20001948 <__subdf3+0x200>
20001cd4:	4581                	li	a1,0
20001cd6:	4781                	li	a5,0
20001cd8:	b985                	j	20001948 <__subdf3+0x200>

20001cda <__unorddf2>:
20001cda:	001007b7          	lui	a5,0x100
20001cde:	17fd                	addi	a5,a5,-1 # fffff <HeapSize+0xff7ff>
20001ce0:	00b7f733          	and	a4,a5,a1
20001ce4:	81d1                	srli	a1,a1,0x14
20001ce6:	8ff5                	and	a5,a5,a3
20001ce8:	7ff5f593          	andi	a1,a1,2047
20001cec:	82d1                	srli	a3,a3,0x14
20001cee:	7ff00813          	li	a6,2047
20001cf2:	7ff6f693          	andi	a3,a3,2047
20001cf6:	01059563          	bne	a1,a6,20001d00 <__unorddf2+0x26>
20001cfa:	8f49                	or	a4,a4,a0
20001cfc:	4505                	li	a0,1
20001cfe:	e719                	bnez	a4,20001d0c <__unorddf2+0x32>
20001d00:	4501                	li	a0,0
20001d02:	01069563          	bne	a3,a6,20001d0c <__unorddf2+0x32>
20001d06:	8fd1                	or	a5,a5,a2
20001d08:	00f03533          	snez	a0,a5
20001d0c:	8082                	ret

20001d0e <__fixdfsi>:
20001d0e:	0145d713          	srli	a4,a1,0x14
20001d12:	00c59793          	slli	a5,a1,0xc
20001d16:	7ff77713          	andi	a4,a4,2047
20001d1a:	3fe00693          	li	a3,1022
20001d1e:	83b1                	srli	a5,a5,0xc
20001d20:	81fd                	srli	a1,a1,0x1f
20001d22:	04e6d463          	bge	a3,a4,20001d6a <__fixdfsi+0x5c>
20001d26:	41d00693          	li	a3,1053
20001d2a:	00e6d763          	bge	a3,a4,20001d38 <__fixdfsi+0x2a>
20001d2e:	80000537          	lui	a0,0x80000
20001d32:	157d                	addi	a0,a0,-1 # 7fffffff <__StackTop+0x5ff7dfff>
20001d34:	952e                	add	a0,a0,a1
20001d36:	8082                	ret
20001d38:	41300693          	li	a3,1043
20001d3c:	29479793          	bseti	a5,a5,0x14
20001d40:	02e6d163          	bge	a3,a4,20001d62 <__fixdfsi+0x54>
20001d44:	bed70693          	addi	a3,a4,-1043
20001d48:	00d797b3          	sll	a5,a5,a3
20001d4c:	43300693          	li	a3,1075
20001d50:	40e68733          	sub	a4,a3,a4
20001d54:	00e55533          	srl	a0,a0,a4
20001d58:	8d5d                	or	a0,a0,a5
20001d5a:	c989                	beqz	a1,20001d6c <__fixdfsi+0x5e>
20001d5c:	40a00533          	neg	a0,a0
20001d60:	8082                	ret
20001d62:	8e99                	sub	a3,a3,a4
20001d64:	00d7d533          	srl	a0,a5,a3
20001d68:	bfcd                	j	20001d5a <__fixdfsi+0x4c>
20001d6a:	4501                	li	a0,0
20001d6c:	8082                	ret

20001d6e <__fixunsdfsi>:
20001d6e:	0145d713          	srli	a4,a1,0x14
20001d72:	00c59793          	slli	a5,a1,0xc
20001d76:	7ff77713          	andi	a4,a4,2047
20001d7a:	3fe00693          	li	a3,1022
20001d7e:	862a                	mv	a2,a0
20001d80:	83b1                	srli	a5,a5,0xc
20001d82:	81fd                	srli	a1,a1,0x1f
20001d84:	04e6d263          	bge	a3,a4,20001dc8 <__fixunsdfsi+0x5a>
20001d88:	41f00693          	li	a3,1055
20001d8c:	8e8d                	sub	a3,a3,a1
20001d8e:	fff58513          	addi	a0,a1,-1 # 7fffffff <__StackTop+0x5ff7dfff>
20001d92:	02d75c63          	bge	a4,a3,20001dca <__fixunsdfsi+0x5c>
20001d96:	4501                	li	a0,0
20001d98:	e98d                	bnez	a1,20001dca <__fixunsdfsi+0x5c>
20001d9a:	41300693          	li	a3,1043
20001d9e:	29479793          	bseti	a5,a5,0x14
20001da2:	00e6df63          	bge	a3,a4,20001dc0 <__fixunsdfsi+0x52>
20001da6:	bed70693          	addi	a3,a4,-1043
20001daa:	00d797b3          	sll	a5,a5,a3
20001dae:	43300693          	li	a3,1075
20001db2:	40e68733          	sub	a4,a3,a4
20001db6:	00e65633          	srl	a2,a2,a4
20001dba:	00c7e533          	or	a0,a5,a2
20001dbe:	8082                	ret
20001dc0:	8e99                	sub	a3,a3,a4
20001dc2:	00d7d533          	srl	a0,a5,a3
20001dc6:	8082                	ret
20001dc8:	4501                	li	a0,0
20001dca:	8082                	ret

20001dcc <__floatsidf>:
20001dcc:	c529                	beqz	a0,20001e16 <__floatsidf+0x4a>
20001dce:	40a00733          	neg	a4,a0
20001dd2:	0ae56733          	max	a4,a0,a4
20001dd6:	01f55613          	srli	a2,a0,0x1f
20001dda:	60071693          	clz	a3,a4
20001dde:	41e00513          	li	a0,1054
20001de2:	47a9                	li	a5,10
20001de4:	8d15                	sub	a0,a0,a3
20001de6:	02d7c363          	blt	a5,a3,20001e0c <__floatsidf+0x40>
20001dea:	47ad                	li	a5,11
20001dec:	8f95                	sub	a5,a5,a3
20001dee:	06d5                	addi	a3,a3,21
20001df0:	00f757b3          	srl	a5,a4,a5
20001df4:	00d71733          	sll	a4,a4,a3
20001df8:	07b2                	slli	a5,a5,0xc
20001dfa:	83b1                	srli	a5,a5,0xc
20001dfc:	0552                	slli	a0,a0,0x14
20001dfe:	8d5d                	or	a0,a0,a5
20001e00:	067e                	slli	a2,a2,0x1f
20001e02:	00c567b3          	or	a5,a0,a2
20001e06:	85be                	mv	a1,a5
20001e08:	853a                	mv	a0,a4
20001e0a:	8082                	ret
20001e0c:	16d5                	addi	a3,a3,-11
20001e0e:	00d717b3          	sll	a5,a4,a3
20001e12:	4701                	li	a4,0
20001e14:	b7d5                	j	20001df8 <__floatsidf+0x2c>
20001e16:	4601                	li	a2,0
20001e18:	4781                	li	a5,0
20001e1a:	bfe5                	j	20001e12 <__floatsidf+0x46>

20001e1c <__floatunsidf>:
20001e1c:	c91d                	beqz	a0,20001e52 <__floatunsidf+0x36>
20001e1e:	60051713          	clz	a4,a0
20001e22:	41e00693          	li	a3,1054
20001e26:	47a9                	li	a5,10
20001e28:	8e99                	sub	a3,a3,a4
20001e2a:	00e7cf63          	blt	a5,a4,20001e48 <__floatunsidf+0x2c>
20001e2e:	47ad                	li	a5,11
20001e30:	8f99                	sub	a5,a5,a4
20001e32:	0755                	addi	a4,a4,21
20001e34:	00f557b3          	srl	a5,a0,a5
20001e38:	00e51533          	sll	a0,a0,a4
20001e3c:	07b2                	slli	a5,a5,0xc
20001e3e:	06d2                	slli	a3,a3,0x14
20001e40:	83b1                	srli	a5,a5,0xc
20001e42:	00f6e5b3          	or	a1,a3,a5
20001e46:	8082                	ret
20001e48:	1755                	addi	a4,a4,-11
20001e4a:	00e517b3          	sll	a5,a0,a4
20001e4e:	4501                	li	a0,0
20001e50:	b7f5                	j	20001e3c <__floatunsidf+0x20>
20001e52:	4781                	li	a5,0
20001e54:	4681                	li	a3,0
20001e56:	b7dd                	j	20001e3c <__floatunsidf+0x20>
20001e58:	11be                	slli	gp,gp,0x2f
20001e5a:	2000                	.insn	2, 0x2000
20001e5c:	1114                	addi	a3,sp,160
20001e5e:	2000                	.insn	2, 0x2000
20001e60:	10fe                	slli	ra,ra,0x3f
20001e62:	2000                	.insn	2, 0x2000
20001e64:	1114                	addi	a3,sp,160
20001e66:	2000                	.insn	2, 0x2000
20001e68:	11b0                	addi	a2,sp,232
20001e6a:	2000                	.insn	2, 0x2000
20001e6c:	1114                	addi	a3,sp,160
20001e6e:	2000                	.insn	2, 0x2000
20001e70:	10fe                	slli	ra,ra,0x3f
20001e72:	2000                	.insn	2, 0x2000
20001e74:	11be                	slli	gp,gp,0x2f
20001e76:	2000                	.insn	2, 0x2000
20001e78:	11be                	slli	gp,gp,0x2f
20001e7a:	2000                	.insn	2, 0x2000
20001e7c:	11b0                	addi	a2,sp,232
20001e7e:	2000                	.insn	2, 0x2000
20001e80:	10fe                	slli	ra,ra,0x3f
20001e82:	2000                	.insn	2, 0x2000
20001e84:	111a                	slli	sp,sp,0x26
20001e86:	2000                	.insn	2, 0x2000
20001e88:	111a                	slli	sp,sp,0x26
20001e8a:	2000                	.insn	2, 0x2000
20001e8c:	111a                	slli	sp,sp,0x26
20001e8e:	2000                	.insn	2, 0x2000
20001e90:	11b0                	addi	a2,sp,232
20001e92:	2000                	.insn	2, 0x2000

20001e94 <__clz_tab>:
20001e94:	0100 0202 0303 0303 0404 0404 0404 0404     ................
20001ea4:	0505 0505 0505 0505 0505 0505 0505 0505     ................
20001eb4:	0606 0606 0606 0606 0606 0606 0606 0606     ................
20001ec4:	0606 0606 0606 0606 0606 0606 0606 0606     ................
20001ed4:	0707 0707 0707 0707 0707 0707 0707 0707     ................
20001ee4:	0707 0707 0707 0707 0707 0707 0707 0707     ................
20001ef4:	0707 0707 0707 0707 0707 0707 0707 0707     ................
20001f04:	0707 0707 0707 0707 0707 0707 0707 0707     ................
20001f14:	0808 0808 0808 0808 0808 0808 0808 0808     ................
20001f24:	0808 0808 0808 0808 0808 0808 0808 0808     ................
20001f34:	0808 0808 0808 0808 0808 0808 0808 0808     ................
20001f44:	0808 0808 0808 0808 0808 0808 0808 0808     ................
20001f54:	0808 0808 0808 0808 0808 0808 0808 0808     ................
20001f64:	0808 0808 0808 0808 0808 0808 0808 0808     ................
20001f74:	0808 0808 0808 0808 0808 0808 0808 0808     ................
20001f84:	0808 0808 0808 0808 0808 0808 0808 0808     ................

20001f94 <default_alarm_pool>:
	...
20001fa8:	2178 2000 0000 0000 0000 0000 0000 0000     x!. ............
	...

20001fc0 <__VECTOR_TABLE>:
20001fc0:	1a00006f          	j	20002160 <__default_isrs_start>
	...
20001fcc:	1960006f          	j	20002162 <isr_riscv_machine_soft_irq>
	...
20001fdc:	1840006f          	j	20002160 <__default_isrs_start>
	...

20001fec <isr_riscv_machine_external_irq>:
20001fec:	715d                	addi	sp,sp,-80
20001fee:	c006                	sw	ra,0(sp)
20001ff0:	c216                	sw	t0,4(sp)
20001ff2:	c41a                	sw	t1,8(sp)
20001ff4:	c61e                	sw	t2,12(sp)
20001ff6:	c82a                	sw	a0,16(sp)
20001ff8:	ca2e                	sw	a1,20(sp)
20001ffa:	cc32                	sw	a2,24(sp)
20001ffc:	ce36                	sw	a3,28(sp)
20001ffe:	d03a                	sw	a4,32(sp)
20002000:	d23e                	sw	a5,36(sp)
20002002:	d442                	sw	a6,40(sp)
20002004:	d646                	sw	a7,44(sp)
20002006:	d872                	sw	t3,48(sp)
20002008:	da76                	sw	t4,52(sp)
2000200a:	dc7a                	sw	t5,56(sp)
2000200c:	de7e                	sw	t6,60(sp)
2000200e:	34102573          	csrr	a0,mepc
20002012:	300025f3          	csrr	a1,mstatus
20002016:	c0aa                	sw	a0,64(sp)
20002018:	c2ae                	sw	a1,68(sp)

2000201a <save_meicontext>:
2000201a:	be516673          	csrrsi	a2,0xbe5,2
2000201e:	c4b2                	sw	a2,72(sp)

20002020 <get_first_irq>:
20002020:	be40e573          	csrrsi	a0,0xbe4,1
20002024:	02054163          	bltz	a0,20002046 <no_more_irqs>

20002028 <dispatch_irq>:
20002028:	30046073          	csrsi	mstatus,8
2000202c:	200025b7          	lui	a1,0x20002
20002030:	95aa                	add	a1,a1,a0
20002032:	0905a583          	lw	a1,144(a1) # 20002090 <__soft_vector_table>
20002036:	000580e7          	jalr	a1
2000203a:	30047073          	csrci	mstatus,8

2000203e <get_next_irq>:
2000203e:	be40e573          	csrrsi	a0,0xbe4,1
20002042:	fe0553e3          	bgez	a0,20002028 <dispatch_irq>

20002046 <no_more_irqs>:
20002046:	4506                	lw	a0,64(sp)
20002048:	4596                	lw	a1,68(sp)
2000204a:	4626                	lw	a2,72(sp)
2000204c:	34151073          	csrw	mepc,a0
20002050:	30059073          	csrw	mstatus,a1
20002054:	be561073          	csrw	0xbe5,a2
20002058:	4082                	lw	ra,0(sp)
2000205a:	4292                	lw	t0,4(sp)
2000205c:	4322                	lw	t1,8(sp)
2000205e:	43b2                	lw	t2,12(sp)
20002060:	45d2                	lw	a1,20(sp)
20002062:	4662                	lw	a2,24(sp)
20002064:	46f2                	lw	a3,28(sp)
20002066:	5702                	lw	a4,32(sp)
20002068:	5792                	lw	a5,36(sp)
2000206a:	5822                	lw	a6,40(sp)
2000206c:	58b2                	lw	a7,44(sp)
2000206e:	5e42                	lw	t3,48(sp)
20002070:	5ed2                	lw	t4,52(sp)
20002072:	5f62                	lw	t5,56(sp)
20002074:	5ff2                	lw	t6,60(sp)

20002076 <check_irq_before_exit>:
20002076:	be402573          	csrr	a0,0xbe4
2000207a:	fa0550e3          	bgez	a0,2000201a <save_meicontext>
2000207e:	4542                	lw	a0,16(sp)
20002080:	6161                	addi	sp,sp,80
20002082:	30200073          	mret
	...

20002090 <__soft_vector_table>:
20002090:	2164                	.insn	2, 0x2164
20002092:	2000                	.insn	2, 0x2000
20002094:	2164                	.insn	2, 0x2164
20002096:	2000                	.insn	2, 0x2000
20002098:	2164                	.insn	2, 0x2164
2000209a:	2000                	.insn	2, 0x2000
2000209c:	2164                	.insn	2, 0x2164
2000209e:	2000                	.insn	2, 0x2000
200020a0:	2164                	.insn	2, 0x2164
200020a2:	2000                	.insn	2, 0x2000
200020a4:	2164                	.insn	2, 0x2164
200020a6:	2000                	.insn	2, 0x2000
200020a8:	2164                	.insn	2, 0x2164
200020aa:	2000                	.insn	2, 0x2000
200020ac:	2164                	.insn	2, 0x2164
200020ae:	2000                	.insn	2, 0x2000
200020b0:	2164                	.insn	2, 0x2164
200020b2:	2000                	.insn	2, 0x2000
200020b4:	2164                	.insn	2, 0x2164
200020b6:	2000                	.insn	2, 0x2000
200020b8:	2164                	.insn	2, 0x2164
200020ba:	2000                	.insn	2, 0x2000
200020bc:	2164                	.insn	2, 0x2164
200020be:	2000                	.insn	2, 0x2000
200020c0:	2164                	.insn	2, 0x2164
200020c2:	2000                	.insn	2, 0x2000
200020c4:	2164                	.insn	2, 0x2164
200020c6:	2000                	.insn	2, 0x2000
200020c8:	2164                	.insn	2, 0x2164
200020ca:	2000                	.insn	2, 0x2000
200020cc:	2164                	.insn	2, 0x2164
200020ce:	2000                	.insn	2, 0x2000
200020d0:	2164                	.insn	2, 0x2164
200020d2:	2000                	.insn	2, 0x2000
200020d4:	2164                	.insn	2, 0x2164
200020d6:	2000                	.insn	2, 0x2000
200020d8:	2164                	.insn	2, 0x2164
200020da:	2000                	.insn	2, 0x2000
200020dc:	2164                	.insn	2, 0x2164
200020de:	2000                	.insn	2, 0x2000
200020e0:	2164                	.insn	2, 0x2164
200020e2:	2000                	.insn	2, 0x2000
200020e4:	2164                	.insn	2, 0x2164
200020e6:	2000                	.insn	2, 0x2000
200020e8:	2164                	.insn	2, 0x2164
200020ea:	2000                	.insn	2, 0x2000
200020ec:	2164                	.insn	2, 0x2164
200020ee:	2000                	.insn	2, 0x2000
200020f0:	2164                	.insn	2, 0x2164
200020f2:	2000                	.insn	2, 0x2000
200020f4:	2164                	.insn	2, 0x2164
200020f6:	2000                	.insn	2, 0x2000
200020f8:	2164                	.insn	2, 0x2164
200020fa:	2000                	.insn	2, 0x2000
200020fc:	2164                	.insn	2, 0x2164
200020fe:	2000                	.insn	2, 0x2000
20002100:	2164                	.insn	2, 0x2164
20002102:	2000                	.insn	2, 0x2000
20002104:	2164                	.insn	2, 0x2164
20002106:	2000                	.insn	2, 0x2000
20002108:	2164                	.insn	2, 0x2164
2000210a:	2000                	.insn	2, 0x2000
2000210c:	2164                	.insn	2, 0x2164
2000210e:	2000                	.insn	2, 0x2000
20002110:	2164                	.insn	2, 0x2164
20002112:	2000                	.insn	2, 0x2000
20002114:	2164                	.insn	2, 0x2164
20002116:	2000                	.insn	2, 0x2000
20002118:	2164                	.insn	2, 0x2164
2000211a:	2000                	.insn	2, 0x2000
2000211c:	2164                	.insn	2, 0x2164
2000211e:	2000                	.insn	2, 0x2000
20002120:	2164                	.insn	2, 0x2164
20002122:	2000                	.insn	2, 0x2000
20002124:	2164                	.insn	2, 0x2164
20002126:	2000                	.insn	2, 0x2000
20002128:	2164                	.insn	2, 0x2164
2000212a:	2000                	.insn	2, 0x2000
2000212c:	2164                	.insn	2, 0x2164
2000212e:	2000                	.insn	2, 0x2000
20002130:	2164                	.insn	2, 0x2164
20002132:	2000                	.insn	2, 0x2000
20002134:	2164                	.insn	2, 0x2164
20002136:	2000                	.insn	2, 0x2000
20002138:	2164                	.insn	2, 0x2164
2000213a:	2000                	.insn	2, 0x2000
2000213c:	2164                	.insn	2, 0x2164
2000213e:	2000                	.insn	2, 0x2000
20002140:	2164                	.insn	2, 0x2164
20002142:	2000                	.insn	2, 0x2000
20002144:	2164                	.insn	2, 0x2164
20002146:	2000                	.insn	2, 0x2000
20002148:	2164                	.insn	2, 0x2164
2000214a:	2000                	.insn	2, 0x2000
2000214c:	2164                	.insn	2, 0x2164
2000214e:	2000                	.insn	2, 0x2000
20002150:	2164                	.insn	2, 0x2164
20002152:	2000                	.insn	2, 0x2000
20002154:	2164                	.insn	2, 0x2164
20002156:	2000                	.insn	2, 0x2000
20002158:	2164                	.insn	2, 0x2164
2000215a:	2000                	.insn	2, 0x2000
2000215c:	2164                	.insn	2, 0x2164
2000215e:	2000                	.insn	2, 0x2000

20002160 <__default_isrs_start>:
20002160:	9002                	ebreak

20002162 <isr_riscv_machine_soft_irq>:
20002162:	9002                	ebreak

20002164 <__unhandled_user_irq>:
20002164:	8109                	srli	a0,a0,0x2
20002166:	9002                	ebreak

20002168 <striped_spin_lock_num>:
20002168:	0010 0000                                   ....

2000216c <print_mutex>:
	...
